Workbook
Name Z_1E7B5665_E06C_D74F_B5BD_017FFD6F236B_.wvu.Cols: 'Nom du personnage'!$AF:$AG

Sheet Nom du personnage
C1: Informations du Joueur
C2: Prénon et nom:
C3: Date de naissance: | S3: Date du premier Arkadia:
C4: Numéro d'assurance maladie: | T4: TEL: | AP4: 0
C5: Numéro de téléphone en cas d'urgence:
C6: - | N6: Contact (Lien):
C7: - | N7: Contact (Lien):
C9: Allergies:
C14: Liste d'événements
M15: XPs | Q15: Événement | X15: Saison | AA15: XPs
C16: Création du personnage | M16: =VLOOKUP(F51,Données!C3:D32,2,FALSE) -> #N/A | AA16: =IF(ISERROR(VLOOKUP(Q16,Données!$A$3:$B$12,2,FALSE)),,VLOOKUP(Q16,Données!$A$3:$B$12,2,FALSE)) -> 0
AA17: =IF(ISERROR(VLOOKUP(Q17,Données!$A$3:$B$12,2,FALSE)),,VLOOKUP(Q17,Données!$A$3:$B$12,2,FALSE)) -> 0
AA18: =IF(ISERROR(VLOOKUP(Q18,Données!$A$3:$B$12,2,FALSE)),,VLOOKUP(Q18,Données!$A$3:$B$12,2,FALSE)) -> 0
M19: =SUM(M16:O18) -> #N/A | AA19: =IF(ISERROR(VLOOKUP(Q19,Données!$A$3:$B$12,2,FALSE)),,VLOOKUP(Q19,Données!$A$3:$B$12,2,FALSE)) -> 0
AA20: =IF(ISERROR(VLOOKUP(Q20,Données!$A$3:$B$12,2,FALSE)),,VLOOKUP(Q20,Données!$A$3:$B$12,2,FALSE)) -> 0
C21: Événement | J21: Saison | M21: XPs | AA21: =IF(ISERROR(VLOOKUP(Q21,Données!$A$3:$B$12,2,FALSE)),,VLOOKUP(Q21,Données!$A$3:$B$12,2,FALSE)) -> 0
M22: =IF(ISERROR(VLOOKUP(C22,Données!$A$3:$B$12,2,FALSE)),,VLOOKUP(C22,Données!$A$3:$B$12,2,FALSE)) -> 0 | AA22: =IF(ISERROR(VLOOKUP(Q22,Données!$A$3:$B$12,2,FALSE)),,VLOOKUP(Q22,Données!$A$3:$B$12,2,FALSE)) -> 0
M23: =IF(ISERROR(VLOOKUP(C23,Données!$A$3:$B$12,2,FALSE)),,VLOOKUP(C23,Données!$A$3:$B$12,2,FALSE)) -> 0 | AA23: =IF(ISERROR(VLOOKUP(Q23,Données!$A$3:$B$12,2,FALSE)),,VLOOKUP(Q23,Données!$A$3:$B$12,2,FALSE)) -> 0
M24: =IF(ISERROR(VLOOKUP(C24,Données!$A$3:$B$12,2,FALSE)),,VLOOKUP(C24,Données!$A$3:$B$12,2,FALSE)) -> 0 | AA24: =IF(ISERROR(VLOOKUP(Q24,Données!$A$3:$B$12,2,FALSE)),,VLOOKUP(Q24,Données!$A$3:$B$12,2,FALSE)) -> 0
M25: =IF(ISERROR(VLOOKUP(C25,Données!$A$3:$B$12,2,FALSE)),,VLOOKUP(C25,Données!$A$3:$B$12,2,FALSE)) -> 0 | AA25: =IF(ISERROR(VLOOKUP(Q25,Données!$A$3:$B$12,2,FALSE)),,VLOOKUP(Q25,Données!$A$3:$B$12,2,FALSE)) -> 0
M26: =IF(ISERROR(VLOOKUP(C26,Données!$A$3:$B$12,2,FALSE)),,VLOOKUP(C26,Données!$A$3:$B$12,2,FALSE)) -> 0 | AA26: =IF(ISERROR(VLOOKUP(Q26,Données!$A$3:$B$12,2,FALSE)),,VLOOKUP(Q26,Données!$A$3:$B$12,2,FALSE)) -> 0
M27: =IF(ISERROR(VLOOKUP(C27,Données!$A$3:$B$12,2,FALSE)),,VLOOKUP(C27,Données!$A$3:$B$12,2,FALSE)) -> 0 | AA27: =IF(ISERROR(VLOOKUP(Q27,Données!$A$3:$B$12,2,FALSE)),,VLOOKUP(Q27,Données!$A$3:$B$12,2,FALSE)) -> 0
M28: =IF(ISERROR(VLOOKUP(C28,Données!$A$3:$B$12,2,FALSE)),,VLOOKUP(C28,Données!$A$3:$B$12,2,FALSE)) -> 0 | AA28: =IF(ISERROR(VLOOKUP(Q28,Données!$A$3:$B$12,2,FALSE)),,VLOOKUP(Q28,Données!$A$3:$B$12,2,FALSE)) -> 0
M29: =IF(ISERROR(VLOOKUP(C29,Données!$A$3:$B$12,2,FALSE)),,VLOOKUP(C29,Données!$A$3:$B$12,2,FALSE)) -> 0 | AA29: =IF(ISERROR(VLOOKUP(Q29,Données!$A$3:$B$12,2,FALSE)),,VLOOKUP(Q29,Données!$A$3:$B$12,2,FALSE)) -> 0
M30: =IF(ISERROR(VLOOKUP(C30,Données!$A$3:$B$12,2,FALSE)),,VLOOKUP(C30,Données!$A$3:$B$12,2,FALSE)) -> 0 | AA30: =IF(ISERROR(VLOOKUP(Q30,Données!$A$3:$B$12,2,FALSE)),,VLOOKUP(Q30,Données!$A$3:$B$12,2,FALSE)) -> 0
M31: =IF(ISERROR(VLOOKUP(C31,Données!$A$3:$B$12,2,FALSE)),,VLOOKUP(C31,Données!$A$3:$B$12,2,FALSE)) -> 0 | AA31: =IF(ISERROR(VLOOKUP(Q31,Données!$A$3:$B$12,2,FALSE)),,VLOOKUP(Q31,Données!$A$3:$B$12,2,FALSE)) -> 0
M32: =IF(ISERROR(VLOOKUP(C32,Données!$A$3:$B$12,2,FALSE)),,VLOOKUP(C32,Données!$A$3:$B$12,2,FALSE)) -> 0 | AA32: =IF(ISERROR(VLOOKUP(Q32,Données!$A$3:$B$12,2,FALSE)),,VLOOKUP(Q32,Données!$A$3:$B$12,2,FALSE)) -> 0
M33: =IF(ISERROR(VLOOKUP(C33,Données!$A$3:$B$12,2,FALSE)),,VLOOKUP(C33,Données!$A$3:$B$12,2,FALSE)) -> 0 | AA33: =IF(ISERROR(VLOOKUP(Q33,Données!$A$3:$B$12,2,FALSE)),,VLOOKUP(Q33,Données!$A$3:$B$12,2,FALSE)) -> 0
... M42: =IF(ISERROR(VLOOKUP(C42,Données!$A$3:$B$12,2,FALSE)),,VLOOKUP(C42,Données!$A$3:$B$12,2,FALSE)) -> 0 | AA42: =IF(ISERROR(VLOOKUP(Q42,Données!$A$3:$B$12,2,FALSE)),,VLOOKUP(Q42,Données!$A$3:$B$12,2,FALSE)) -> 0
U44: Totals des XPs: | AA44: =MIN(150+M19,SUM(M22:O42)+M19+SUM(AA16:AC42)) -> #N/A
C47: Fiche du personnage
C48: Nom du personnage:
C49: Chances (restantes): | H49: 3 | O49: Date du premier évènement du personnage: | AA49: =+_xlfn.CONCAT(C22, ,J22)
C51: Race: | Q51: Carrière:
C52: Faiblesses: | F52: =Faiblesses!AB3 -> #N/A | Q52: Immunités: | U52: =Immunités!T2
C54: Religion:
C56: Maison Noble / Titre: | T56: Noblesse: | W56: Oui | Y56: =IF(COUNTIF(C66:AC85,"Noblesse"),"X",) -> 0 | AA56: Non | AC56: =IF(Y56="X",,"X") -> X
C58: Nombre de Points de Vie (PV): | J58: =VLOOKUP(F51,Données!C3:F32,3,FALSE)+COUNTIF(C66:AC85,Compétences!M18)+COUNTIF(C66:AC85,Compétences!B11)+COUNTIF(C66:AC85,Compétences!H808)-COUNTIF(C66:AC85,Compétences!B65) -> #N/A | K58: J | L58: =+VLOOKUP(F51,Données!C3:F32,4,FALSE)+COUNTIF(C66:AC85,Compétences!M18)+COUNTIF(C66:AC85,Compétences!B11)+COUNTIF(C66:AC85,Compétences!H808)-COUNTIF(C66:AC85,Compétences!B65) -> #N/A | M58: N | X58: Points de Magie: | AC58: =VLOOKUP(U51,Données!P3:Q30,2,FALSE)+(COUNTIF(C66:AC85,Compétences!B55)*3)+(COUNTIF(C66:AC85,Compétences!B50)*5) -> #N/A
M59: Type d'armure : | Q59: =VLOOKUP(U51,Données!H3:J30,3,FALSE) -> #N/A | X59: Niv. Max des sorts: | AC59: =MIN(VLOOKUP(U51,Données!P3:S30,4,FALSE)+(COUNTIF(C66:AC85,Compétences!B54)),10) -> #N/A
D60: Moralité: | M60: Points d'armure maximum : | S60: =MIN(10-J58,IF(COUNTIF(C66:AC85,"Mulet de bataille"),VLOOKUP(U51,Données!H3:I30,2,FALSE)+1,VLOOKUP(U51,Données!H3:I30,2,FALSE))) -> #N/A | T60: J | U60: =MIN(10-L58,IF(COUNTIF(C66:AC85,"Mulet de bataille"),VLOOKUP(U51,Données!H3:I30,2,FALSE)+1,VLOOKUP(U51,Données!H3:I30,2,FALSE))) -> #N/A | V60: N
C62: Points de compétences (XPs dépensés / XPs totaux): | Q62: =SUMIF($M$66:$O$85,"<>#N/A",$M$66:$O$85)+SUMIF($AA$66:$AC$85,"<>#N/A",$AA$66:$AC$85)+SUMIF($N$91:$O$109,"<>#N/A",$N$91:$O$109)+SUMIF($AB$91:$AC$109,"<>#N/A",$AB$91:$AC$109) -> 0 | T62: / | U62: =AA44 -> #N/A
C65: Compétences | M65: XPs | Q65: Compétences | AA65: XPs | AM65: To do :
M66: =IF($F$51="Humain",VLOOKUP(C66,Compétences!$M$3:$P$1048576,2,FALSE),VLOOKUP(C66,Compétences!$M$3:$P$1048576,3,FALSE))+'Compétences raciales'!M3 -> #N/A | AA66: =IF($F$51="Humain",VLOOKUP(Q66,Compétences!$M$3:$P$1048576,2,FALSE),VLOOKUP(Q66,Compétences!$M$3:$P$1048576,3,FALSE))+'Compétences raciales'!Z3 -> #N/A | AK66: WIP | AM66: Système de premier achat de X gratuit
M67: =IF($F$51="Humain",VLOOKUP(C67,Compétences!$M$3:$P$1048576,2,FALSE),VLOOKUP(C67,Compétences!$M$3:$P$1048576,3,FALSE))+'Compétences raciales'!M4 -> #N/A | AA67: =IF($F$51="Humain",VLOOKUP(Q67,Compétences!$M$3:$P$1048576,2,FALSE),VLOOKUP(Q67,Compétences!$M$3:$P$1048576,3,FALSE))+'Compétences raciales'!Z4 -> #N/A | AK67: WIP | AM67: Prérequis d'achat
M68: =IF($F$51="Humain",VLOOKUP(C68,Compétences!$M$3:$P$1048576,2,FALSE),VLOOKUP(C68,Compétences!$M$3:$P$1048576,3,FALSE))+'Compétences raciales'!M5 -> #N/A | AA68: =IF($F$51="Humain",VLOOKUP(Q68,Compétences!$M$3:$P$1048576,2,FALSE),VLOOKUP(Q68,Compétences!$M$3:$P$1048576,3,FALSE))+'Compétences raciales'!Z5 -> #N/A
M69: =IF($F$51="Humain",VLOOKUP(C69,Compétences!$M$3:$P$1048576,2,FALSE),VLOOKUP(C69,Compétences!$M$3:$P$1048576,3,FALSE))+'Compétences raciales'!M6 -> #N/A | AA69: =IF($F$51="Humain",VLOOKUP(Q69,Compétences!$M$3:$P$1048576,2,FALSE),VLOOKUP(Q69,Compétences!$M$3:$P$1048576,3,FALSE))+'Compétences raciales'!Z6 -> #N/A | AK69: À réparer | AM69: Sage et ses écoles de magies
M70: =IF($F$51="Humain",VLOOKUP(C70,Compétences!$M$3:$P$1048576,2,FALSE),VLOOKUP(C70,Compétences!$M$3:$P$1048576,3,FALSE))+'Compétences raciales'!M7 -> #N/A | AA70: =IF($F$51="Humain",VLOOKUP(Q70,Compétences!$M$3:$P$1048576,2,FALSE),VLOOKUP(Q70,Compétences!$M$3:$P$1048576,3,FALSE))+'Compétences raciales'!Z7 -> #N/A | AK70: À réparer | AM70: Animiste et ses écoles de magies
M71: =IF($F$51="Humain",VLOOKUP(C71,Compétences!$M$3:$P$1048576,2,FALSE),VLOOKUP(C71,Compétences!$M$3:$P$1048576,3,FALSE))+'Compétences raciales'!M8 -> #N/A | AA71: =IF($F$51="Humain",VLOOKUP(Q71,Compétences!$M$3:$P$1048576,2,FALSE),VLOOKUP(Q71,Compétences!$M$3:$P$1048576,3,FALSE))+'Compétences raciales'!Z8 -> #N/A | AK71: Idée | AM71: Page des règles de magie et flagger à partir de valeurs VRAI/FAUX
M72: =IF($F$51="Humain",VLOOKUP(C72,Compétences!$M$3:$P$1048576,2,FALSE),VLOOKUP(C72,Compétences!$M$3:$P$1048576,3,FALSE))+'Compétences raciales'!M9 -> #N/A | AA72: =IF($F$51="Humain",VLOOKUP(Q72,Compétences!$M$3:$P$1048576,2,FALSE),VLOOKUP(Q72,Compétences!$M$3:$P$1048576,3,FALSE))+'Compétences raciales'!Z9 -> #N/A
M73: =IF($F$51="Humain",VLOOKUP(C73,Compétences!$M$3:$P$1048576,2,FALSE),VLOOKUP(C73,Compétences!$M$3:$P$1048576,3,FALSE))+'Compétences raciales'!M10 -> #N/A | AA73: =IF($F$51="Humain",VLOOKUP(Q73,Compétences!$M$3:$P$1048576,2,FALSE),VLOOKUP(Q73,Compétences!$M$3:$P$1048576,3,FALSE))+'Compétences raciales'!Z10 -> #N/A
M74: =IF($F$51="Humain",VLOOKUP(C74,Compétences!$M$3:$P$1048576,2,FALSE),VLOOKUP(C74,Compétences!$M$3:$P$1048576,3,FALSE))+'Compétences raciales'!M11 -> #N/A | AA74: =IF($F$51="Humain",VLOOKUP(Q74,Compétences!$M$3:$P$1048576,2,FALSE),VLOOKUP(Q74,Compétences!$M$3:$P$1048576,3,FALSE))+'Compétences raciales'!Z11 -> #N/A
M75: =IF($F$51="Humain",VLOOKUP(C75,Compétences!$M$3:$P$1048576,2,FALSE),VLOOKUP(C75,Compétences!$M$3:$P$1048576,3,FALSE))+'Compétences raciales'!M12 -> #N/A | AA75: =IF($F$51="Humain",VLOOKUP(Q75,Compétences!$M$3:$P$1048576,2,FALSE),VLOOKUP(Q75,Compétences!$M$3:$P$1048576,3,FALSE))+'Compétences raciales'!Z12 -> #N/A
M76: =IF($F$51="Humain",VLOOKUP(C76,Compétences!$M$3:$P$1048576,2,FALSE),VLOOKUP(C76,Compétences!$M$3:$P$1048576,3,FALSE))+'Compétences raciales'!M13 -> #N/A | AA76: =IF($F$51="Humain",VLOOKUP(Q76,Compétences!$M$3:$P$1048576,2,FALSE),VLOOKUP(Q76,Compétences!$M$3:$P$1048576,3,FALSE))+'Compétences raciales'!Z13 -> #N/A
M77: =IF($F$51="Humain",VLOOKUP(C77,Compétences!$M$3:$P$1048576,2,FALSE),VLOOKUP(C77,Compétences!$M$3:$P$1048576,3,FALSE))+'Compétences raciales'!M14 -> #N/A | AA77: =IF($F$51="Humain",VLOOKUP(Q77,Compétences!$M$3:$P$1048576,2,FALSE),VLOOKUP(Q77,Compétences!$M$3:$P$1048576,3,FALSE))+'Compétences raciales'!Z14 -> #N/A
M78: =IF($F$51="Humain",VLOOKUP(C78,Compétences!$M$3:$P$1048576,2,FALSE),VLOOKUP(C78,Compétences!$M$3:$P$1048576,3,FALSE))+'Compétences raciales'!M15 -> #N/A | AA78: =IF($F$51="Humain",VLOOKUP(Q78,Compétences!$M$3:$P$1048576,2,FALSE),VLOOKUP(Q78,Compétences!$M$3:$P$1048576,3,FALSE))+'Compétences raciales'!Z15 -> #N/A
M79: =IF($F$51="Humain",VLOOKUP(C79,Compétences!$M$3:$P$1048576,2,FALSE),VLOOKUP(C79,Compétences!$M$3:$P$1048576,3,FALSE))+'Compétences raciales'!M16 -> #N/A | AA79: =IF($F$51="Humain",VLOOKUP(Q79,Compétences!$M$3:$P$1048576,2,FALSE),VLOOKUP(Q79,Compétences!$M$3:$P$1048576,3,FALSE))+'Compétences raciales'!Z16 -> #N/A
M80: =IF($F$51="Humain",VLOOKUP(C80,Compétences!$M$3:$P$1048576,2,FALSE),VLOOKUP(C80,Compétences!$M$3:$P$1048576,3,FALSE))+'Compétences raciales'!M17 -> #N/A | AA80: =IF($F$51="Humain",VLOOKUP(Q80,Compétences!$M$3:$P$1048576,2,FALSE),VLOOKUP(Q80,Compétences!$M$3:$P$1048576,3,FALSE))+'Compétences raciales'!Z17 -> #N/A
M81: =IF($F$51="Humain",VLOOKUP(C81,Compétences!$M$3:$P$1048576,2,FALSE),VLOOKUP(C81,Compétences!$M$3:$P$1048576,3,FALSE))+'Compétences raciales'!M18 -> #N/A | AA81: =IF($F$51="Humain",VLOOKUP(Q81,Compétences!$M$3:$P$1048576,2,FALSE),VLOOKUP(Q81,Compétences!$M$3:$P$1048576,3,FALSE))+'Compétences raciales'!Z18 -> #N/A
M82: =IF($F$51="Humain",VLOOKUP(C82,Compétences!$M$3:$P$1048576,2,FALSE),VLOOKUP(C82,Compétences!$M$3:$P$1048576,3,FALSE))+'Compétences raciales'!M19 -> #N/A | AA82: =IF($F$51="Humain",VLOOKUP(Q82,Compétences!$M$3:$P$1048576,2,FALSE),VLOOKUP(Q82,Compétences!$M$3:$P$1048576,3,FALSE))+'Compétences raciales'!Z19 -> #N/A
M83: =IF($F$51="Humain",VLOOKUP(C83,Compétences!$M$3:$P$1048576,2,FALSE),VLOOKUP(C83,Compétences!$M$3:$P$1048576,3,FALSE))+'Compétences raciales'!M20 -> #N/A | AA83: =IF($F$51="Humain",VLOOKUP(Q83,Compétences!$M$3:$P$1048576,2,FALSE),VLOOKUP(Q83,Compétences!$M$3:$P$1048576,3,FALSE))+'Compétences raciales'!Z20 -> #N/A
... M85: =IF($F$51="Humain",VLOOKUP(C85,Compétences!$M$3:$P$1048576,2,FALSE),VLOOKUP(C85,Compétences!$M$3:$P$1048576,3,FALSE))+'Compétences raciales'!M22 -> #N/A | AA85: =IF($F$51="Humain",VLOOKUP(Q85,Compétences!$M$3:$P$1048576,2,FALSE),VLOOKUP(Q85,Compétences!$M$3:$P$1048576,3,FALSE))+'Compétences raciales'!Z22 -> #N/A
C88: École de magie: | P88: 0 | Q88: École de magie:
C90: Niveau | E90: Nom du sort | N90: XPs | Q90: Niveau | S90: Nom du sort | AB90: XPs
C91: =VLOOKUP(E91,Magie!$AC$3:$AE$242,3,FALSE) -> #N/A | N91: =VLOOKUP(E91,Magie!$AC$3:$AE$242,2,FALSE) -> #N/A | Q91: =VLOOKUP(S91,Magie!$AF$3:$AH$242,3,FALSE) -> #N/A | AB91: =VLOOKUP(S91,Magie!$AF$3:$AH$242,2,FALSE) -> #N/A
C92: =VLOOKUP(E92,Magie!$AC$3:$AE$242,3,FALSE) -> #N/A | N92: =VLOOKUP(E92,Magie!$AC$3:$AE$242,2,FALSE) -> #N/A | Q92: =VLOOKUP(S92,Magie!$AF$3:$AH$242,3,FALSE) -> #N/A | AB92: =VLOOKUP(S92,Magie!$AF$3:$AH$242,2,FALSE) -> #N/A
C93: =VLOOKUP(E93,Magie!$AC$3:$AE$242,3,FALSE) -> #N/A | N93: =VLOOKUP(E93,Magie!$AC$3:$AE$242,2,FALSE) -> #N/A | Q93: =VLOOKUP(S93,Magie!$AF$3:$AH$242,3,FALSE) -> #N/A | AB93: =VLOOKUP(S93,Magie!$AF$3:$AH$242,2,FALSE) -> #N/A
C94: =VLOOKUP(E94,Magie!$AC$3:$AE$242,3,FALSE) -> #N/A | N94: =VLOOKUP(E94,Magie!$AC$3:$AE$242,2,FALSE) -> #N/A | Q94: =VLOOKUP(S94,Magie!$AF$3:$AH$242,3,FALSE) -> #N/A | AB94: =VLOOKUP(S94,Magie!$AF$3:$AH$242,2,FALSE) -> #N/A
C95: =VLOOKUP(E95,Magie!$AC$3:$AE$242,3,FALSE) -> #N/A | N95: =VLOOKUP(E95,Magie!$AC$3:$AE$242,2,FALSE) -> #N/A | Q95: =VLOOKUP(S95,Magie!$AF$3:$AH$242,3,FALSE) -> #N/A | AB95: =VLOOKUP(S95,Magie!$AF$3:$AH$242,2,FALSE) -> #N/A
C96: =VLOOKUP(E96,Magie!$AC$3:$AE$242,3,FALSE) -> #N/A | N96: =VLOOKUP(E96,Magie!$AC$3:$AE$242,2,FALSE) -> #N/A | Q96: =VLOOKUP(S96,Magie!$AF$3:$AH$242,3,FALSE) -> #N/A | AB96: =VLOOKUP(S96,Magie!$AF$3:$AH$242,2,FALSE) -> #N/A
C97: =VLOOKUP(E97,Magie!$AC$3:$AE$242,3,FALSE) -> #N/A | N97: =VLOOKUP(E97,Magie!$AC$3:$AE$242,2,FALSE) -> #N/A | Q97: =VLOOKUP(S97,Magie!$AF$3:$AH$242,3,FALSE) -> #N/A | AB97: =VLOOKUP(S97,Magie!$AF$3:$AH$242,2,FALSE) -> #N/A
C98: =VLOOKUP(E98,Magie!$AC$3:$AE$242,3,FALSE) -> #N/A | N98: =VLOOKUP(E98,Magie!$AC$3:$AE$242,2,FALSE) -> #N/A | Q98: =VLOOKUP(S98,Magie!$AF$3:$AH$242,3,FALSE) -> #N/A | AB98: =VLOOKUP(S98,Magie!$AF$3:$AH$242,2,FALSE) -> #N/A
C99: =VLOOKUP(E99,Magie!$AC$3:$AE$242,3,FALSE) -> #N/A | N99: =VLOOKUP(E99,Magie!$AC$3:$AE$242,2,FALSE) -> #N/A | Q99: =VLOOKUP(S99,Magie!$AF$3:$AH$242,3,FALSE) -> #N/A | AB99: =VLOOKUP(S99,Magie!$AF$3:$AH$242,2,FALSE) -> #N/A
C100: =VLOOKUP(E100,Magie!$AC$3:$AE$242,3,FALSE) -> #N/A | N100: =VLOOKUP(E100,Magie!$AC$3:$AE$242,2,FALSE) -> #N/A | Q100: =VLOOKUP(S100,Magie!$AF$3:$AH$242,3,FALSE) -> #N/A | AB100: =VLOOKUP(S100,Magie!$AF$3:$AH$242,2,FALSE) -> #N/A
C101: =VLOOKUP(E101,Magie!$AC$3:$AE$242,3,FALSE) -> #N/A | N101: =VLOOKUP(E101,Magie!$AC$3:$AE$242,2,FALSE) -> #N/A | Q101: =VLOOKUP(S101,Magie!$AF$3:$AH$242,3,FALSE) -> #N/A | AB101: =VLOOKUP(S101,Magie!$AF$3:$AH$242,2,FALSE) -> #N/A
C102: =VLOOKUP(E102,Magie!$AC$3:$AE$242,3,FALSE) -> #N/A | N102: =VLOOKUP(E102,Magie!$AC$3:$AE$242,2,FALSE) -> #N/A | Q102: =VLOOKUP(S102,Magie!$AF$3:$AH$242,3,FALSE) -> #N/A | AB102: =VLOOKUP(S102,Magie!$AF$3:$AH$242,2,FALSE) -> #N/A
... C109: =VLOOKUP(E109,Magie!$AC$3:$AE$242,3,FALSE) -> #N/A | N109: =VLOOKUP(E109,Magie!$AC$3:$AE$242,2,FALSE) -> #N/A | Q109: =VLOOKUP(S109,Magie!$AF$3:$AH$242,3,FALSE) -> #N/A | AB109: =VLOOKUP(S109,Magie!$AF$3:$AH$242,2,FALSE) -> #N/A
C113: Compétences avancées | N113: XPs | Q113: Notes / Points faibles / Avantages

Sheet Restriction de divinité
A1: Divinitées | C1: Races | E1: Moralité | G1: Race | H1: Divinité | I1: Moralité permises
A2: Arawn | C2: Demi-Elfe | E2: Bénéfique | G2: =C6 -> Elfe Sanguinaire | H2: =A33 -> Essence Infernale | I2: ='Nom du personnage'!$F$60=$E$4 -> FALSE | K2: {=IF(AND(OR($G$2:$G$17='Nom du personnage'!$F$51),'Restriction de divinité'!I2=TRUE),'Restriction de divinité'!H2,0)} -> 0
A3: Argonas | C3: Elfe Gris | E3: Balancée | G3: Norde | H3: Magni | I3: =OR('Nom du personnage'!$F$60='Restriction de divinité'!$E$3,'Nom du personnage'!$F$60='Restriction de divinité'!$E$2) -> FALSE | K3: {=IF(AND(OR($G$2:$G$17='Nom du personnage'!$F$51),'Restriction de divinité'!I3=TRUE),'Restriction de divinité'!H3,0)} -> 0
A4: Asmodérus | C4: Elfe Lunaire | E4: Maléfique | G4: Norde | H4: Vidar | I4: =TRUE -> TRUE | K4: {=IF(AND(OR($G$2:$G$17='Nom du personnage'!$F$51),'Restriction de divinité'!I4=TRUE),'Restriction de divinité'!H4,0)} -> 0
A5: Atem'ra | C5: Elfe Noir | G5: Norde | H5: Esprits de la guerre (Ulrick Silverwolf) | I5: ='Nom du personnage'!$F$60=$E$2 -> FALSE | K5: {=IF(AND(OR($G$2:$G$17='Nom du personnage'!$F$51),'Restriction de divinité'!I5=TRUE),'Restriction de divinité'!H5,0)} -> 0
A6: Cyrder | C6: Elfe Sanguinaire | G6: Norde | H6: Esprits de la guerre (Odann) | I6: ='Nom du personnage'!$F$60=$E$3 -> FALSE | K6: {=IF(AND(OR($G$2:$G$17='Nom du personnage'!$F$51),'Restriction de divinité'!I6=TRUE),'Restriction de divinité'!H6,0)} -> 0
A7: Elûna | C7: Elfe Sauvage | G7: Norde | H7: Esprits de la guerre (Khurn) | I7: ='Nom du personnage'!$F$60=$E$4 -> FALSE | K7: {=IF(AND(OR($G$2:$G$17='Nom du personnage'!$F$51),'Restriction de divinité'!I7=TRUE),'Restriction de divinité'!H7,0)} -> 0
A8: Leviastis | C8: Être Sylvestre (Terre) | G8: Norde | H8: Esprits de la nature | I8: =TRUE -> TRUE | K8: {=IF(AND(OR($G$2:$G$17='Nom du personnage'!$F$51),'Restriction de divinité'!I8=TRUE),'Restriction de divinité'!H8,0)} -> 0
A9: Lumer | C9: Être Sylvestre (Eau) | G9: Norde | H9: Esprits des morts | I9: =TRUE -> TRUE | K9: {=IF(AND(OR($G$2:$G$17='Nom du personnage'!$F$51),'Restriction de divinité'!I9=TRUE),'Restriction de divinité'!H9,0)} -> 0
A10: Magystia | C10: Être Sylvestre (Feu) | G10: Norde | H10: Esprit de l'Aube | I10: =OR('Nom du personnage'!$F$60='Restriction de divinité'!$E$3,'Nom du personnage'!$F$60='Restriction de divinité'!$E$2) -> FALSE | K10: {=IF(AND(OR($G$2:$G$17='Nom du personnage'!$F$51),'Restriction de divinité'!I10=TRUE),'Restriction de divinité'!H10,0)} -> 0
A11: Maskorino | C11: Être Sylvestre (Air) | G11: Norde | H11: Esprit de la Nuit | I11: ='Nom du personnage'!$F$60=$E$4 -> FALSE | K11: {=IF(AND(OR($G$2:$G$17='Nom du personnage'!$F$51),'Restriction de divinité'!I11=TRUE),'Restriction de divinité'!H11,0)} -> 0
A12: Myrkar | C12: Haut-Elfe | G12: Ratfolk | H12: Vermilord | I12: =OR('Nom du personnage'!$F$60='Restriction de divinité'!$E$3,'Nom du personnage'!$F$60='Restriction de divinité'!$E$4) -> FALSE | K12: {=IF(AND(OR($G$2:$G$17='Nom du personnage'!$F$51),'Restriction de divinité'!I12=TRUE),'Restriction de divinité'!H12,0)} -> 0
A13: Thurdek | C13: Humain | G13: Ratfolk | H13: Amida | I13: =OR('Nom du personnage'!$F$60='Restriction de divinité'!$E$3,'Nom du personnage'!$F$60='Restriction de divinité'!$E$2) -> FALSE | K13: {=IF(AND(OR($G$2:$G$17='Nom du personnage'!$F$51),'Restriction de divinité'!I13=TRUE),'Restriction de divinité'!H13,0)} -> 0
A14: Vermilord | C14: Nain | G14: Ratfolk | H14: Baku | I14: =OR('Nom du personnage'!$F$60='Restriction de divinité'!$E$3,'Nom du personnage'!$F$60='Restriction de divinité'!$E$2) -> FALSE | K14: {=IF(AND(OR($G$2:$G$17='Nom du personnage'!$F$51),'Restriction de divinité'!I14=TRUE),'Restriction de divinité'!H14,0)} -> 0
A15: Vorn | C15: Gobelin | G15: Ratfolk | H15: Izanagi & Izanami | I15: =OR('Nom du personnage'!$F$60='Restriction de divinité'!$E$4,'Nom du personnage'!$F$60='Restriction de divinité'!$E$2) -> FALSE | K15: {=IF(AND(OR($G$2:$G$17='Nom du personnage'!$F$51),'Restriction de divinité'!I15=TRUE),'Restriction de divinité'!H15,0)} -> 0
A16: Walërya | C16: Orque | G16: Ratfolk | H16: O-Kuni-Nushi | I16: =TRUE -> TRUE | K16: {=IF(AND(OR($G$2:$G$17='Nom du personnage'!$F$51),'Restriction de divinité'!I16=TRUE),'Restriction de divinité'!H16,0)} -> 0
A17: Amida | C17: Demi-Démon | G17: Ratfolk | H17: Esprits de la nature | I17: =TRUE -> TRUE | K17: {=IF(AND(OR($G$2:$G$17='Nom du personnage'!$F$51),'Restriction de divinité'!I17=TRUE),'Restriction de divinité'!H17,0)} -> 0
A18: Baku | C18: Illithyd
A19: Izanagi & Izanami | C19: Norde | G19: TRUE | H19: Arawn | I19: =OR('Nom du personnage'!$F$60='Restriction de divinité'!$E$2,'Nom du personnage'!$F$60='Restriction de divinité'!$E$4) -> FALSE | K19: {=IF(AND(OR($G$2:$G$17='Nom du personnage'!$F$51)=FALSE,'Restriction de divinité'!G19=TRUE,'Restriction de divinité'!I19=TRUE),'Restriction de divinité'!H19,0)} -> 0
A20: O-Kuni-Nushi | C20: Presqu'Humain | G20: TRUE | H20: Argonas | I20: =TRUE -> TRUE | K20: {=IF(AND(OR($G$2:$G$17='Nom du personnage'!$F$51)=FALSE,'Restriction de divinité'!G20=TRUE,'Restriction de divinité'!I20=TRUE),'Restriction de divinité'!H20,0)} -> Argonas
A21: Baldur | C21: Bossu | G21: TRUE | H21: Asmodérus | I21: =OR('Nom du personnage'!$F$60='Restriction de divinité'!$E$3,'Nom du personnage'!$F$60='Restriction de divinité'!$E$4) -> FALSE | K21: {=IF(AND(OR($G$2:$G$17='Nom du personnage'!$F$51)=FALSE,'Restriction de divinité'!G21=TRUE,'Restriction de divinité'!I21=TRUE),'Restriction de divinité'!H21,0)} -> 0
A22: Eir | C22: Gitan | G22: {=OR(C2='Nom du personnage'!$F$51,C16:C17='Nom du personnage'!$F$51,C5='Nom du personnage'!$F$51)} -> FALSE | H22: Atem'ra | I22: ='Nom du personnage'!$F$60=$E$4 -> FALSE | K22: {=IF(AND(OR($G$2:$G$17='Nom du personnage'!$F$51)=FALSE,'Restriction de divinité'!G22=TRUE,'Restriction de divinité'!I22=TRUE),'Restriction de divinité'!H22,0)} -> 0
A23: Honir | C23: Arboréen | G23: TRUE | H23: Cyrder | I23: ='Nom du personnage'!$F$60=$E$3 -> FALSE | K23: {=IF(AND(OR($G$2:$G$17='Nom du personnage'!$F$51)=FALSE,'Restriction de divinité'!G23=TRUE,'Restriction de divinité'!I23=TRUE),'Restriction de divinité'!H23,0)} -> 0
A24: Magni | C24: Corvus | G24: {=OR(C2:C4='Nom du personnage'!$F$51,C7:C13='Nom du personnage'!$F$51,C23='Nom du personnage'!$F$51)} -> FALSE | H24: Elûna | I24: =OR('Nom du personnage'!$F$60='Restriction de divinité'!$E$3,'Nom du personnage'!$F$60='Restriction de divinité'!$E$2) -> FALSE | K24: {=IF(AND(OR($G$2:$G$17='Nom du personnage'!$F$51)=FALSE,'Restriction de divinité'!G24=TRUE,'Restriction de divinité'!I24=TRUE),'Restriction de divinité'!H24,0)} -> 0
A25: Modi | C25: Rasgadan | G25: TRUE | H25: Leviastis | I25: ='Nom du personnage'!$F$60=$E$4 -> FALSE | K25: {=IF(AND(OR($G$2:$G$17='Nom du personnage'!$F$51)=FALSE,'Restriction de divinité'!G25=TRUE,'Restriction de divinité'!I25=TRUE),'Restriction de divinité'!H25,0)} -> 0
A26: Thrud | C26: Ratfolk | G26: =OR(C2='Nom du personnage'!$F$51,C13='Nom du personnage'!$F$51,C22='Nom du personnage'!$F$51) -> FALSE | H26: Lumer | I26: =OR('Nom du personnage'!$F$60='Restriction de divinité'!$E$3,'Nom du personnage'!$F$60='Restriction de divinité'!$E$2) -> FALSE | K26: {=IF(AND(OR($G$2:$G$17='Nom du personnage'!$F$51)=FALSE,'Restriction de divinité'!G26=TRUE,'Restriction de divinité'!I26=TRUE),'Restriction de divinité'!H26,0)} -> 0
A27: Vali | C27: Saurien (Phrynos) | G27: TRUE | H27: Magystia | I27: =OR('Nom du personnage'!$F$60='Restriction de divinité'!$E$3,'Nom du personnage'!$F$60='Restriction de divinité'!$E$2) -> FALSE | K27: {=IF(AND(OR($G$2:$G$17='Nom du personnage'!$F$51)=FALSE,'Restriction de divinité'!G27=TRUE,'Restriction de divinité'!I27=TRUE),'Restriction de divinité'!H27,0)} -> 0
A28: Vidar | C28: Saurien (Slann) | G28: TRUE | H28: Maskorino | I28: =TRUE -> TRUE | K28: {=IF(AND(OR($G$2:$G$17='Nom du personnage'!$F$51)=FALSE,'Restriction de divinité'!G28=TRUE,'Restriction de divinité'!I28=TRUE),'Restriction de divinité'!H28,0)} -> Maskorino
A29: Adramelech | C29: Saurien (Coatl) | G29: TRUE | H29: Myrkar | I29: =OR('Nom du personnage'!$F$60='Restriction de divinité'!$E$3,'Nom du personnage'!$F$60='Restriction de divinité'!$E$2) -> FALSE | K29: {=IF(AND(OR($G$2:$G$17='Nom du personnage'!$F$51)=FALSE,'Restriction de divinité'!G29=TRUE,'Restriction de divinité'!I29=TRUE),'Restriction de divinité'!H29,0)} -> 0
A30: Malveria | C30: Saurien (Troglodon) | G30: {=OR(C8:C11='Nom du personnage'!$F$51,C13:C17='Nom du personnage'!$F$51,C18:C31='Nom du personnage'!$F$51)} -> FALSE | H30: Thurdek | I30: =OR('Nom du personnage'!$F$60='Restriction de divinité'!$E$3,'Nom du personnage'!$F$60='Restriction de divinité'!$E$2) -> FALSE | K30: {=IF(AND(OR($G$2:$G$17='Nom du personnage'!$F$51)=FALSE,'Restriction de divinité'!G30=TRUE,'Restriction de divinité'!I30=TRUE),'Restriction de divinité'!H30,0)} -> 0
A31: Salazaar | C31: Morgull | G31: TRUE | H31: Vorn | I31: ='Nom du personnage'!$F$60=$E$4 -> FALSE | K31: {=IF(AND(OR($G$2:$G$17='Nom du personnage'!$F$51)=FALSE,'Restriction de divinité'!G31=TRUE,'Restriction de divinité'!I31=TRUE),'Restriction de divinité'!H31,0)} -> 0
A32: Thalia | G32: TRUE | H32: Walërya | I32: =OR('Nom du personnage'!$F$60='Restriction de divinité'!$E$4,'Nom du personnage'!$F$60='Restriction de divinité'!$E$2) -> FALSE | K32: {=IF(AND(OR($G$2:$G$17='Nom du personnage'!$F$51)=FALSE,'Restriction de divinité'!G32=TRUE,'Restriction de divinité'!I32=TRUE),'Restriction de divinité'!H32,0)} -> 0
A33: Essence Infernale | G33: {=OR(C2:C4='Nom du personnage'!$F$51,C6:C16='Nom du personnage'!$F$51,C18:C30='Nom du personnage'!$F$51)} -> FALSE | H33: Amida | I33: =OR('Nom du personnage'!$F$60='Restriction de divinité'!$E$3,'Nom du personnage'!$F$60='Restriction de divinité'!$E$2) -> FALSE | K33: {=IF(AND(OR($G$2:$G$17='Nom du personnage'!$F$51)=FALSE,'Restriction de divinité'!G33=TRUE,'Restriction de divinité'!I33=TRUE),'Restriction de divinité'!H33,0)} -> 0
A34: Esprits de la guerre | G34: TRUE | H34: Baku | I34: =OR('Nom du personnage'!$F$60='Restriction de divinité'!$E$3,'Nom du personnage'!$F$60='Restriction de divinité'!$E$2) -> FALSE | K34: {=IF(AND(OR($G$2:$G$17='Nom du personnage'!$F$51)=FALSE,'Restriction de divinité'!G34=TRUE,'Restriction de divinité'!I34=TRUE),'Restriction de divinité'!H34,0)} -> 0
A35: Esprits de la nature | G35: {=OR(C2:C7='Nom du personnage'!$F$51,C13='Nom du personnage'!$F$51,C22='Nom du personnage'!$F$51)} -> FALSE | H35: Izanagi & Izanami | I35: =OR('Nom du personnage'!$F$60='Restriction de divinité'!$E$4,'Nom du personnage'!$F$60='Restriction de divinité'!$E$2) -> FALSE | K35: {=IF(AND(OR($G$2:$G$17='Nom du personnage'!$F$51)=FALSE,'Restriction de divinité'!G35=TRUE,'Restriction de divinité'!I35=TRUE),'Restriction de divinité'!H35,0)} -> 0
A36: Esprits des morts | G36: TRUE | H36: O-Kuni-Nushi | I36: =TRUE -> TRUE | K36: {=IF(AND(OR($G$2:$G$17='Nom du personnage'!$F$51)=FALSE,'Restriction de divinité'!G36=TRUE,'Restriction de divinité'!I36=TRUE),'Restriction de divinité'!H36,0)} -> O-Kuni-Nushi
A37: Esprit de l'Aube | G37: {=OR(C2:C4='Nom du personnage'!$F$51,C7:C15='Nom du personnage'!$F$51,C18:C31='Nom du personnage'!$F$51)} -> FALSE | H37: Baldur | I37: ='Nom du personnage'!$F$60=$E$2 -> FALSE | K37: {=IF(AND(OR($G$2:$G$17='Nom du personnage'!$F$51)=FALSE,'Restriction de divinité'!G37=TRUE,'Restriction de divinité'!I37=TRUE),'Restriction de divinité'!H37,0)} -> 0
A38: Esprit de la Nuit | G38: TRUE | H38: Eir | I38: ='Nom du personnage'!$F$60=$E$2 -> FALSE | K38: {=IF(AND(OR($G$2:$G$17='Nom du personnage'!$F$51)=FALSE,'Restriction de divinité'!G38=TRUE,'Restriction de divinité'!I38=TRUE),'Restriction de divinité'!H38,0)} -> 0
G39: ='Nom du personnage'!$F$51='Restriction de divinité'!C13 -> FALSE | H39: Honir | I39: ='Nom du personnage'!$F$60=$E$3 -> FALSE | K39: {=IF(AND(OR($G$2:$G$17='Nom du personnage'!$F$51)=FALSE,'Restriction de divinité'!G39=TRUE,'Restriction de divinité'!I39=TRUE),'Restriction de divinité'!H39,0)} -> 0
G40: TRUE | H40: Magni | I40: =OR('Nom du personnage'!$F$60='Restriction de divinité'!$E$3,'Nom du personnage'!$F$60='Restriction de divinité'!$E$2) -> FALSE | K40: {=IF(AND(OR($G$2:$G$17='Nom du personnage'!$F$51)=FALSE,'Restriction de divinité'!G40=TRUE,'Restriction de divinité'!I40=TRUE),'Restriction de divinité'!H40,0)} -> 0
G41: TRUE | H41: Modi | I41: =OR('Nom du personnage'!$F$60='Restriction de divinité'!$E$3,'Nom du personnage'!$F$60='Restriction de divinité'!$E$2) -> FALSE | K41: {=IF(AND(OR($G$2:$G$17='Nom du personnage'!$F$51)=FALSE,'Restriction de divinité'!G41=TRUE,'Restriction de divinité'!I41=TRUE),'Restriction de divinité'!H41,0)} -> 0
G42: TRUE | H42: Thrud | I42: =OR('Nom du personnage'!$F$60='Restriction de divinité'!$E$3,'Nom du personnage'!$F$60='Restriction de divinité'!$E$2) -> FALSE | K42: {=IF(AND(OR($G$2:$G$17='Nom du personnage'!$F$51)=FALSE,'Restriction de divinité'!G42=TRUE,'Restriction de divinité'!I42=TRUE),'Restriction de divinité'!H42,0)} -> 0
G43: TRUE | H43: Vali | I43: =OR('Nom du personnage'!$F$60='Restriction de divinité'!$E$4,'Nom du personnage'!$F$60='Restriction de divinité'!$E$2) -> FALSE | K43: {=IF(AND(OR($G$2:$G$17='Nom du personnage'!$F$51)=FALSE,'Restriction de divinité'!G43=TRUE,'Restriction de divinité'!I43=TRUE),'Restriction de divinité'!H43,0)} -> 0
G44: TRUE | H44: Vidar | I44: =TRUE -> TRUE | K44: {=IF(AND(OR($G$2:$G$17='Nom du personnage'!$F$51)=FALSE,'Restriction de divinité'!G44=TRUE,'Restriction de divinité'!I44=TRUE),'Restriction de divinité'!H44,0)} -> Vidar
G45: TRUE | H45: Adramelech | I45: ='Nom du personnage'!$F$60=$E$4 -> FALSE | K45: {=IF(AND(OR($G$2:$G$17='Nom du personnage'!$F$51)=FALSE,'Restriction de divinité'!G45=TRUE,'Restriction de divinité'!I45=TRUE),'Restriction de divinité'!H45,0)} -> 0
G46: TRUE | H46: Malveria | I46: ='Nom du personnage'!$F$60=$E$4 -> FALSE | K46: {=IF(AND(OR($G$2:$G$17='Nom du personnage'!$F$51)=FALSE,'Restriction de divinité'!G46=TRUE,'Restriction de divinité'!I46=TRUE),'Restriction de divinité'!H46,0)} -> 0
G47: TRUE | H47: Salazaar | I47: ='Nom du personnage'!$F$60=$E$4 -> FALSE | K47: {=IF(AND(OR($G$2:$G$17='Nom du personnage'!$F$51)=FALSE,'Restriction de divinité'!G47=TRUE,'Restriction de divinité'!I47=TRUE),'Restriction de divinité'!H47,0)} -> 0
G48: TRUE | H48: Thalia | I48: ='Nom du personnage'!$F$60=$E$4 -> FALSE | K48: {=IF(AND(OR($G$2:$G$17='Nom du personnage'!$F$51)=FALSE,'Restriction de divinité'!G48=TRUE,'Restriction de divinité'!I48=TRUE),'Restriction de divinité'!H48,0)} -> 0
G49: TRUE | H49: Esprits de la guerre (Ulrick Silverwolf) | I49: ='Nom du personnage'!$F$60=$E$2 -> FALSE | K49: {=IF(AND(OR($G$2:$G$17='Nom du personnage'!$F$51)=FALSE,'Restriction de divinité'!G49=TRUE,'Restriction de divinité'!I49=TRUE),'Restriction de divinité'!H49,0)} -> 0
G50: TRUE | H50: Esprits de la guerre (Odann) | I50: ='Nom du personnage'!$F$60=$E$3 -> FALSE | K50: {=IF(AND(OR($G$2:$G$17='Nom du personnage'!$F$51)=FALSE,'Restriction de divinité'!G50=TRUE,'Restriction de divinité'!I50=TRUE),'Restriction de divinité'!H50,0)} -> 0
G51: TRUE | H51: Esprits de la guerre (Khurn) | I51: ='Nom du personnage'!$F$60=$E$4 -> FALSE | K51: {=IF(AND(OR($G$2:$G$17='Nom du personnage'!$F$51)=FALSE,'Restriction de divinité'!G51=TRUE,'Restriction de divinité'!I51=TRUE),'Restriction de divinité'!H51,0)} -> 0
G52: TRUE | H52: Esprits de la nature | I52: =TRUE -> TRUE | K52: {=IF(AND(OR($G$2:$G$17='Nom du personnage'!$F$51)=FALSE,'Restriction de divinité'!G52=TRUE,'Restriction de divinité'!I52=TRUE),'Restriction de divinité'!H52,0)} -> Esprits de la nature
G53: TRUE | H53: Esprits des morts | I53: =TRUE -> TRUE | K53: {=IF(AND(OR($G$2:$G$17='Nom du personnage'!$F$51)=FALSE,'Restriction de divinité'!G53=TRUE,'Restriction de divinité'!I53=TRUE),'Restriction de divinité'!H53,0)} -> Esprits des morts
G54: TRUE | H54: Esprit de l'Aube | I54: =OR('Nom du personnage'!$F$60='Restriction de divinité'!$E$3,'Nom du personnage'!$F$60='Restriction de divinité'!$E$2) -> FALSE | K54: {=IF(AND(OR($G$2:$G$17='Nom du personnage'!$F$51)=FALSE,'Restriction de divinité'!G54=TRUE,'Restriction de divinité'!I54=TRUE),'Restriction de divinité'!H54,0)} -> 0
G55: TRUE | H55: Esprit de la Nuit | I55: ='Nom du personnage'!$F$60=$E$4 -> FALSE | K55: {=IF(AND(OR($G$2:$G$17='Nom du personnage'!$F$51)=FALSE,'Restriction de divinité'!G55=TRUE,'Restriction de divinité'!I55=TRUE),'Restriction de divinité'!H55,0)} -> 0

Sheet Données
A2: Événements | B2: XPs | C2: Races | D2: XPs raciaux | E2: PV jour | F2: PV nuit | H2: Carrières | I2: Armure permise | J2: Type d'armure | L2: Divinitées | N2: Moralité | Q2: Points de magie | R2: Semi-Magique | S2: Maximum Magique
A3: Mai | B3: 3 | C3: Demi-Elfe | D3: 28 | E3: 3 | F3: 3 | H3: Barbare | I3: 4 | J3: Toutes | L3: Arawn | N3: Bénéfique | P3: Barbare | Q3: 0 | R3: 0
A4: Juin | B4: 3 | C4: Elfe Gris | D4: 25 | E4: 3 | F4: 3 | H4: Combattant | I4: 8 | J4: Toutes | L4: Argonas | N4: Balancée | P4: Combatant | Q4: 0 | R4: 0
A5: Juillet | B5: 3 | C5: Elfe Lunaire | D5: 25 | E5: 3 | F5: 3 | H5: Druide | I5: 3 | J5: Non métallique | L5: Asmodérus | N5: Maléfique | P5: Druide | Q5: 20 | R5: 0 | S5: 10
A6: Août | B6: 3 | C6: Elfe Noir | D6: 25 | E6: 2 | F6: 4 | H6: Mage | I6: 0 | J6: Toutes | L6: Atem'ra | P6: Mage | Q6: 20 | R6: 0 | S6: 10
A7: Septembre | B7: 3 | C7: Elfe Sanguinaire | D7: 25 | E7: 3 | F7: 3 | H7: Marchand | I7: 3 | J7: Toutes | L7: Cyrder | P7: Marchand | Q7: 0 | R7: 0
A8: Octobre | B8: 3 | C8: Elfe Sauvage | D8: 25 | E8: 3 | F8: 3 | H8: Prêtre | I8: 5 | J8: Toutes | L8: Elûna | P8: Prêtre | Q8: 20 | R8: 0 | S8: 10
A9: Witcher's Den | B9: 3 | C9: Être Sylvestre (Terre) | D9: 25 | E9: 3 | F9: 3 | H9: Roublard | I9: 3 | J9: Toutes | L9: Leviastis | P9: Roublard | Q9: 0 | R9: 0
A10: Nuit de la terreur | B10: 3 | C10: Être Sylvestre (Eau) | D10: 25 | E10: 3 | F10: 3 | H10: Animiste | I10: 2 | J10: Toutes | L10: Lumer | P10: Animiste | Q10: 20 | R10: 0 | S10: 6
A11: Passe VIP | B11: 2 | C11: Être Sylvestre (Feu) | D11: 25 | E11: 3 | F11: 3 | H11: Archer | I11: 3 | J11: Toutes | L11: Magystia | P11: Archer | Q11: 0 | R11: 0
A12: Passe de saison | B12: 3 | C12: Être Sylvestre (Air) | D12: 25 | E12: 3 | F12: 3 | H12: Barde | I12: 3 | J12: Toutes | L12: Maskorino | P12: Barde | Q12: 10 | R12: 1 | S12: 5
C13: Haut-Elfe | D13: 25 | E13: 3 | F13: 3 | H13: Berserker | I13: 4 | J13: Toutes | L13: Myrkar | P13: Berserker | Q13: 0 | R13: 1
C14: Humain | D14: 30 | E14: 3 | F14: 3 | H14: Chaman | I14: 3 | J14: Toutes | L14: Thurdek | P14: Chaman | Q14: 20 | R14: 0 | S14: 6
C15: Nain | D15: 25 | E15: 4 | F15: 4 | H15: Charlatan | I15: 3 | J15: Toutes | L15: Vermilord | P15: Charlatan | Q15: 0 | R15: 0
C16: Gobelin | D16: 25 | E16: 2 | F16: 4 | H16: Ermite | I16: 2 | J16: Toutes | L16: Vorn | P16: Ermite | Q16: 10 | R16: 1 | S16: 5
C17: Orque | D17: 25 | E17: 3 | F17: 3 | H17: Garde | I17: 8 | J17: Toutes | L17: Walërya | P17: Garde | Q17: 0 | R17: 0
C18: Demi-Démon | D18: 25 | E18: 4 | F18: 4 | H18: Gardien Mystique | I18: 3 | J18: Non métallique | L18: Amida | P18: Gardien Mystique | Q18: 10 | R18: 1 | S18: 5
C19: Illithyd | D19: 25 | E19: 2 | F19: 4 | H19: Guérisseur | I19: 3 | J19: Toutes | L19: Baku | P19: Guérisseur | Q19: 10 | R19: 1 | S19: 5
C20: Norde | D20: 25 | E20: 4 | F20: 4 | H20: Inquisiteur | I20: 4 | J20: Toutes | L20: Izanagi & Izanami | P20: Inquisiteur | Q20: 10 | R20: 1 | S20: 5
C21: Presqu'Humain | D21: 25 | E21: 3 | F21: 3 | H21: Magelame | I21: 4 | J21: Toutes | L21: O-Kuni-Nushi | P21: Magelame | Q21: 10 | R21: 1 | S21: 5
C22: Bossu | D22: 25 | E22: 4 | F22: 4 | H22: Maître des runes | I22: 3 | J22: Toutes | L22: Baldur | P22: Maître des runes | Q22: 10 | R22: 1 | S22: 5
C23: Gitan | D23: 25 | E23: 3 | F23: 3 | H23: Maraudeur | I23: 8 | J23: Toutes | L23: Eir | P23: Maraudeur | Q23: 0 | R23: 0
C24: Arboréen | D24: 25 | E24: 3 | F24: 3 | H24: Paladin | I24: 8 | J24: Toutes | L24: Honir | P24: Paladin | Q24: 10 | R24: 1 | S24: 5
C25: Corvus | D25: 25 | E25: 3 | F25: 3 | H25: Rôdeur | I25: 3 | J25: Toutes | L25: Magni | P25: Rôdeur | Q25: 10 | R25: 1 | S25: 5
C26: Rasgadan | D26: 25 | E26: 4 | F26: 4 | H26: Sage | I26: 0 | J26: Toutes | L26: Modi | P26: Sage | Q26: 20 | R26: 0 | S26: 6
C27: Ratfolk | D27: 25 | E27: 2 | F27: 4 | H27: Scribe | I27: 0 | J27: Toutes | L27: Thrud | P27: Scribe | Q27: 10 | R27: 1 | S27: 5
C28: Saurien (Phrynos) | D28: 25 | E28: 3 | F28: 3 | H28: Seigneur de Guerre | I28: 8 | J28: Toutes | L28: Vali | P28: Seigneur de Guerre | Q28: 0 | R28: 0
C29: Saurien (Slann) | D29: 25 | E29: 3 | F29: 3 | H29: Totem | I29: 2 | J29: Toutes | L29: Vidar | P29: Totem | Q29: 10 | R29: 1 | S29: 5
C30: Saurien (Coatl) | D30: 25 | E30: 3 | F30: 3 | H30: Traqueur | I30: 3 | J30: Toutes | L30: Adramelech | P30: Traqueur | Q30: 0 | R30: 0
C31: Saurien (Troglodon) | D31: 25 | E31: 3 | F31: 3 | L31: Malveria
C32: Morgull | D32: 25 | E32: 3 | F32: 3 | L32: Salazaar
L33: Thalia
L34: Essence Infernale
L35: Esprits de la guerre
L36: Esprits de la nature
L37: Esprits des morts
L38: Esprit de l'Aube
L39: Esprit de la Nuit

Sheet Restriction de carrière
A2: Races | B2: Carrières
A3: Demi-Elfe | B3: Barbare | D3: Haut-Elfe | E3: Barbare | G3: =IF(D3='Nom du personnage'!$F$51,'Restriction de carrière'!E3,) -> 0 | H3: =IF(G3=0,0,2) -> 0
A4: Elfe Gris | B4: Combattant | D4: Haut-Elfe | E4: Combattant | G4: =IF(D4='Nom du personnage'!$F$51,'Restriction de carrière'!E4,) -> 0 | H4: =IF(G4=0,0,2) -> 0
A5: Elfe Lunaire | B5: Druide | D5: Haut-Elfe | E5: Druide | G5: =IF(D5='Nom du personnage'!$F$51,'Restriction de carrière'!E5,) -> 0 | H5: =IF(G5=0,0,2) -> 0
A6: Elfe Noir | B6: Mage | D6: Haut-Elfe | E6: Mage | G6: =IF(D6='Nom du personnage'!$F$51,'Restriction de carrière'!E6,) -> 0 | H6: =IF(G6=0,0,2) -> 0
A7: Elfe Sanguinaire | B7: Marchand | D7: Haut-Elfe | E7: Marchand | G7: =IF(D7='Nom du personnage'!$F$51,'Restriction de carrière'!E7,) -> 0 | H7: =IF(G7=0,0,2) -> 0
A8: Elfe Sauvage | B8: Prêtre | D8: Haut-Elfe | E8: Prêtre | G8: =IF(D8='Nom du personnage'!$F$51,'Restriction de carrière'!E8,) -> 0 | H8: =IF(G8=0,0,2) -> 0
A9: Être Sylvestre (Terre) | B9: Roublard | D9: Haut-Elfe | E9: Roublard | G9: =IF(D9='Nom du personnage'!$F$51,'Restriction de carrière'!E9,) -> 0 | H9: =IF(G9=0,0,2) -> 0
A10: Être Sylvestre (Eau) | B10: Animiste | D10: Haut-Elfe | E10: Animiste | G10: =IF(D10='Nom du personnage'!$F$51,'Restriction de carrière'!E10,) -> 0 | H10: =IF(G10=0,0,2) -> 0
A11: Être Sylvestre (Feu) | B11: Archer | D11: Haut-Elfe | E11: Archer | G11: =IF(D11='Nom du personnage'!$F$51,'Restriction de carrière'!E11,) -> 0 | H11: =IF(G11=0,0,2) -> 0
A12: Être Sylvestre (Air) | B12: Barde | D12: Haut-Elfe | E12: Chaman | G12: =IF(D12='Nom du personnage'!$F$51,'Restriction de carrière'!E12,) -> 0 | H12: =IF(G12=0,0,2) -> 0
A13: Haut-Elfe | B13: Berserker | D13: Haut-Elfe | E13: Charlatan | G13: =IF(D13='Nom du personnage'!$F$51,'Restriction de carrière'!E13,) -> 0 | H13: =IF(G13=0,0,2) -> 0
A14: Humain | B14: Chaman | D14: Haut-Elfe | E14: Ermite | G14: =IF(D14='Nom du personnage'!$F$51,'Restriction de carrière'!E14,) -> 0 | H14: =IF(G14=0,0,2) -> 0
... A30: Saurien (Coatl) | B30: Traqueur | D30: Norde | E30: Chaman | G30: =IF(D30='Nom du personnage'!$F$51,'Restriction de carrière'!E30,) -> 0 | H30: =IF(G30=0,0,2) -> 0
A31: Saurien (Troglodon) | D31: Norde | E31: Ermite | G31: =IF(D31='Nom du personnage'!$F$51,'Restriction de carrière'!E31,) -> 0 | H31: =IF(G31=0,0,2) -> 0
A32: Morgull | D32: Norde | E32: Gardien Mystique | G32: =IF(D32='Nom du personnage'!$F$51,'Restriction de carrière'!E32,) -> 0 | H32: =IF(G32=0,0,2) -> 0
D33: Norde | E33: Maître des runes | G33: =IF(D33='Nom du personnage'!$F$51,'Restriction de carrière'!E33,) -> 0 | H33: =IF(G33=0,0,2) -> 0
D34: Norde | E34: Paladin | G34: =IF(D34='Nom du personnage'!$F$51,'Restriction de carrière'!E34,) -> 0 | H34: =IF(G34=0,0,2) -> 0
D35: Norde | E35: Rôdeur | G35: =IF(D35='Nom du personnage'!$F$51,'Restriction de carrière'!E35,) -> 0 | H35: =IF(G35=0,0,2) -> 0
D36: Norde | E36: Seigneur de Guerre | G36: =IF(D36='Nom du personnage'!$F$51,'Restriction de carrière'!E36,) -> 0 | H36: =IF(G36=0,0,2) -> 0
D37: Norde | E37: Totem | G37: =IF(D37='Nom du personnage'!$F$51,'Restriction de carrière'!E37,) -> 0 | H37: =IF(G37=0,0,2) -> 0
D38: Norde | E38: Traqueur | G38: =IF(D38='Nom du personnage'!$F$51,'Restriction de carrière'!E38,) -> 0 | H38: =IF(G38=0,0,2) -> 0
D39: Elfe Gris | E39: Mage | G39: =IF(D39='Nom du personnage'!$F$51,'Restriction de carrière'!E39,) -> 0 | H39: =IF(G39=0,0,2) -> 0
D40: Elfe Gris | E40: Barde | G40: =IF(D40='Nom du personnage'!$F$51,'Restriction de carrière'!E40,) -> 0 | H40: =IF(G40=0,0,2) -> 0
D41: Elfe Gris | E41: Magelame | G41: =IF(D41='Nom du personnage'!$F$51,'Restriction de carrière'!E41,) -> 0 | H41: =IF(G41=0,0,2) -> 0
D42: Elfe Gris | E42: Maître des runes | G42: =IF(D42='Nom du personnage'!$F$51,'Restriction de carrière'!E42,) -> 0 | H42: =IF(G42=0,0,2) -> 0
D43: Elfe Gris | E43: Scribe | G43: =IF(D43='Nom du personnage'!$F$51,'Restriction de carrière'!E43,) -> 0 | H43: =IF(G43=0,0,2) -> 0
D44: Bossu | E44: Barbare | G44: =IF(D44='Nom du personnage'!$F$51,'Restriction de carrière'!E44,) -> 0 | H44: =IF(G44=0,0,2) -> 0
... D77: Rasgadan | E77: Traqueur | G77: =IF(D77='Nom du personnage'!$F$51,'Restriction de carrière'!E77,) -> 0 | H77: =IF(G77=0,0,2) -> 0
G78: =IF(SUM($H$3:$H$77)>0,0,B3) -> Barbare
G79: =IF(SUM($H$3:$H$68)>0,0,B4) -> Combattant
G80: =IF(SUM($H$3:$H$68)>0,0,B5) -> Druide
G81: =IF(SUM($H$3:$H$68)>0,0,B6) -> Mage
G82: =IF(SUM($H$3:$H$68)>0,0,B7) -> Marchand
G83: =IF(SUM($H$3:$H$68)>0,0,B8) -> Prêtre
G84: =IF(SUM($H$3:$H$68)>0,0,B9) -> Roublard
G85: =IF(SUM($H$3:$H$68)>0,0,B10) -> Animiste
G86: =IF(SUM($H$3:$H$68)>0,0,B11) -> Archer
G87: =IF(SUM($H$3:$H$68)>0,0,B12) -> Barde
G88: =IF(SUM($H$3:$H$68)>0,0,B13) -> Berserker
G89: =IF(SUM($H$3:$H$68)>0,0,B14) -> Chaman
G90: =IF(SUM($H$3:$H$68)>0,0,B15) -> Charlatan
... G105: =IF(SUM($H$3:$H$68)>0,0,B30) -> Traqueur

Sheet Religion
A2: Compétences
A3: Ambidexterie | C3: Religion | D3: =COUNTIF('Nom du personnage'!$C$66:$AC$85,Religion!C3) -> 0 | G3: {=OR('Nom du personnage'!$C$65:$L$85=Religion!C3,'Nom du personnage'!$Q$65:$Z$85=Religion!C3)} -> FALSE
A4: Archerie | C4: Religion (Bonus Druide) | D4: =COUNTIF('Nom du personnage'!$C$66:$AC$85,Religion!C4) -> 0 | E4: Druide | F4: =IF(E4='Nom du personnage'!$U$51,1,0) -> 0 | G4: {=OR('Nom du personnage'!$C$65:$L$85=Religion!C4,'Nom du personnage'!$Q$65:$Z$85=Religion!C4)} -> FALSE
A5: Archerie Arcane | C5: Religion (Bonus Mage) | D5: =COUNTIF('Nom du personnage'!$C$66:$AC$85,Religion!C5) -> 0 | E5: Mage | F5: =IF(E5='Nom du personnage'!$U$51,1,0) -> 0 | G5: {=OR('Nom du personnage'!$C$65:$L$85=Religion!C5,'Nom du personnage'!$Q$65:$Z$85=Religion!C5)} -> FALSE
A6: Arme à feu | C6: Religion (Bonus Prêtre) | D6: =COUNTIF('Nom du personnage'!$C$66:$AC$85,Religion!C6) -> 0 | E6: Prêtre | F6: =IF(E6='Nom du personnage'!$U$51,1,0) -> 0 | G6: {=OR('Nom du personnage'!$C$65:$L$85=Religion!C6,'Nom du personnage'!$Q$65:$Z$85=Religion!C6)} -> FALSE
A7: Arme de jet | C7: Religion (Bonus Animiste) | D7: =COUNTIF('Nom du personnage'!$C$66:$AC$85,Religion!C7) -> 0 | E7: Animiste | F7: =IF(E7='Nom du personnage'!$U$51,1,0) -> 0 | G7: {=OR('Nom du personnage'!$C$65:$L$85=Religion!C7,'Nom du personnage'!$Q$65:$Z$85=Religion!C7)} -> FALSE
A8: Arme non conventionnelle (2 mains) | C8: Religion (Bonus Barde) | D8: =COUNTIF('Nom du personnage'!$C$66:$AC$85,Religion!C8) -> 0 | E8: Barde | F8: =IF(E8='Nom du personnage'!$U$51,1,0) -> 0 | G8: {=OR('Nom du personnage'!$C$65:$L$85=Religion!C8,'Nom du personnage'!$Q$65:$Z$85=Religion!C8)} -> FALSE
A9: Arme non conventionnelle (Colossale) | C9: Religion (Bonus Berserker) | D9: =COUNTIF('Nom du personnage'!$C$66:$AC$85,Religion!C9) -> 0 | E9: Berserker | F9: =IF(E9='Nom du personnage'!$U$51,1,0) -> 0 | G9: {=OR('Nom du personnage'!$C$65:$L$85=Religion!C9,'Nom du personnage'!$Q$65:$Z$85=Religion!C9)} -> FALSE
A10: Art Mystique | C10: Religion (Bonus Chaman) | D10: =COUNTIF('Nom du personnage'!$C$66:$AC$85,Religion!C10) -> 0 | E10: Chaman | F10: =IF(E10='Nom du personnage'!$U$51,1,0) -> 0 | G10: {=OR('Nom du personnage'!$C$65:$L$85=Religion!C10,'Nom du personnage'!$Q$65:$Z$85=Religion!C10)} -> FALSE
A11: Bâton de pouvoir | C11: Religion (Bonus Ermite) | D11: =COUNTIF('Nom du personnage'!$C$66:$AC$85,Religion!C11) -> 0 | E11: Ermite | F11: =IF(E11='Nom du personnage'!$U$51,1,0) -> 0 | G11: {=OR('Nom du personnage'!$C$65:$L$85=Religion!C11,'Nom du personnage'!$Q$65:$Z$85=Religion!C11)} -> FALSE
A12: Bouclier | C12: Religion (Bonus Gardien Mystique) | D12: =COUNTIF('Nom du personnage'!$C$66:$AC$85,Religion!C12) -> 0 | E12: Gardien Mystique | F12: =IF(E12='Nom du personnage'!$U$51,1,0) -> 0 | G12: {=OR('Nom du personnage'!$C$65:$L$85=Religion!C12,'Nom du personnage'!$Q$65:$Z$85=Religion!C12)} -> FALSE
A13: Bravoure | C13: Religion (Bonus Guérisseur) | D13: =COUNTIF('Nom du personnage'!$C$66:$AC$85,Religion!C13) -> 0 | E13: Guérisseur | F13: =IF(E13='Nom du personnage'!$U$51,1,0) -> 0 | G13: {=OR('Nom du personnage'!$C$65:$L$85=Religion!C13,'Nom du personnage'!$Q$65:$Z$85=Religion!C13)} -> FALSE
A14: Charognard | C14: Religion (Bonus Inquisiteur) | D14: =COUNTIF('Nom du personnage'!$C$66:$AC$85,Religion!C14) -> 0 | E14: Inquisiteur | F14: =IF(E14='Nom du personnage'!$U$51,1,0) -> 0 | G14: {=OR('Nom du personnage'!$C$65:$L$85=Religion!C14,'Nom du personnage'!$Q$65:$Z$85=Religion!C14)} -> FALSE
A15: Concoction : Herboristerie | C15: Religion (Bonus Magelame) | D15: =COUNTIF('Nom du personnage'!$C$66:$AC$85,Religion!C15) -> 0 | E15: Magelame | F15: =IF(E15='Nom du personnage'!$U$51,1,0) -> 0 | G15: {=OR('Nom du personnage'!$C$65:$L$85=Religion!C15,'Nom du personnage'!$Q$65:$Z$85=Religion!C15)} -> FALSE
... A18: Endurance Simple | C18: Religion (Bonus Rôdeur) | D18: =COUNTIF('Nom du personnage'!$C$66:$AC$85,Religion!C18) -> 0 | E18: Rôdeur | F18: =IF(E18='Nom du personnage'!$U$51,1,0) -> 0 | G18: {=OR('Nom du personnage'!$C$65:$L$85=Religion!C18,'Nom du personnage'!$Q$65:$Z$85=Religion!C18)} -> FALSE
A19: Forge | C19: Religion (Bonus Sage) | D19: =COUNTIF('Nom du personnage'!$C$66:$AC$85,Religion!C19) -> 0 | G19: {=OR('Nom du personnage'!$C$65:$L$85=Religion!C19,'Nom du personnage'!$Q$65:$Z$85=Religion!C19)} -> FALSE
A20: Héraldique | C20: Religion (Bonus Scribe) | D20: =COUNTIF('Nom du personnage'!$C$66:$AC$85,Religion!C20) -> 0 | E20: Scribe | F20: =IF(E20='Nom du personnage'!$U$51,1,0) -> 0 | G20: {=OR('Nom du personnage'!$C$65:$L$85=Religion!C20,'Nom du personnage'!$Q$65:$Z$85=Religion!C20)} -> FALSE
A21: Invocation Guerrière | C21: Religion (Bonus Totem) | D21: =COUNTIF('Nom du personnage'!$C$66:$AC$85,Religion!C21) -> 0 | E21: Totem | F21: =IF(E21='Nom du personnage'!$U$51,1,0) -> 0 | G21: {=OR('Nom du personnage'!$C$65:$L$85=Religion!C21,'Nom du personnage'!$Q$65:$Z$85=Religion!C21)} -> FALSE
A22: Lecture et écriture (Commun) | C22: Total | D22: =SUM(D3:D21) -> 0 | F22: =SUM(F3:F21) -> 0
A23: Lecture et écriture (Elfique) | C23: Pts religion | D23: =+D22>=1 -> FALSE
A24: Lecture et écriture (Rakuzan) | C24: Pts religion | D24: =+D22=2 -> FALSE
A25: Lecture et écriture (Infernal) | C25: Religion 1 | D25: =ISBLANK('Nom du personnage'!F54) -> TRUE
A26: Lecture et écriture (Céleste) | C26: Religion 2 | D26: =ISBLANK('Nom du personnage'!K54) -> TRUE
A27: Lecture et écriture (Outremonde) | C27: Final Religion 1 | D27: =IF(D25=TRUE,TRUE,IF(AND(D23=TRUE,D25=FALSE),TRUE,FALSE)) -> TRUE
A28: Lecture et écriture (Vermilangue) | C28: Final Religion 2 | D28: =IF(D26=TRUE,TRUE,IF(AND(D24=TRUE,D26=FALSE),TRUE,FALSE)) -> TRUE
A29: Lecture et écriture (Orque) | C29: Religion présente | D29: {=OR(G3:G21=TRUE)} -> FALSE
A30: Lecture et écriture (Arcane)
A31: Lecture et écriture (Arborique)
A32: Lecture et écriture (Runique)
A33: Lecture et écriture (Sylvestre)
A34: Mulet de bataille
A35: Noblesse
A36: Peinture des Morts
A37: Rage animale
A38: Religion
A39: Résistance à l'alcool
A40: Résistance aux maladies
A41: Rituel
... A1081: Arme de jet (Bonus Traqueur)

Sheet Restriction de moralité
A1: Races | B1: Moralité
A2: Demi-Elfe | B2: Bénéfique | D2: Elfe Lunaire | E2: Bénéfique | G2: =IF(D2='Nom du personnage'!$F$51,E2,) -> 0 | H2: =IF(G2=0,0,2) -> 0
A3: Elfe Gris | B3: Balancée | D3: Elfe Lunaire | E3: Balancée | G3: =IF(D3='Nom du personnage'!$F$51,E3,) -> 0 | H3: =IF(G3=0,0,2) -> 0
A4: Elfe Lunaire | B4: Maléfique | D4: Elfe Noir | E4: Balancée | G4: =IF(D4='Nom du personnage'!$F$51,E4,) -> 0 | H4: =IF(G4=0,0,2) -> 0
A5: Elfe Noir | D5: Elfe Noir | E5: Maléfique | G5: =IF(D5='Nom du personnage'!$F$51,E5,) -> 0 | H5: =IF(G5=0,0,2) -> 0
A6: Elfe Sanguinaire | D6: Elfe Sanguinaire | E6: Balancée | G6: =IF(D6='Nom du personnage'!$F$51,E6,) -> 0 | H6: =IF(G6=0,0,2) -> 0
A7: Elfe Sauvage | D7: Elfe Sanguinaire | E7: Maléfique | G7: =IF(D7='Nom du personnage'!$F$51,E7,) -> 0 | H7: =IF(G7=0,0,2) -> 0
A8: Être Sylvestre (Terre) | D8: Orque | E8: Balancée | G8: =IF(D8='Nom du personnage'!$F$51,E8,) -> 0 | H8: =IF(G8=0,0,2) -> 0
A9: Être Sylvestre (Eau) | D9: Orque | E9: Maléfique | G9: =IF(D9='Nom du personnage'!$F$51,E9,) -> 0 | H9: =IF(G9=0,0,2) -> 0
A10: Être Sylvestre (Feu) | D10: Demi-Démon | E10: Balancée | G10: =IF(D10='Nom du personnage'!$F$51,E10,) -> 0 | H10: =IF(G10=0,0,2) -> 0
A11: Être Sylvestre (Air) | D11: Demi-Démon | E11: Maléfique | G11: =IF(D11='Nom du personnage'!$F$51,E11,) -> 0 | H11: =IF(G11=0,0,2) -> 0
A12: Haut-Elfe | D12: Illithyd | E12: Maléfique | G12: =IF(D12='Nom du personnage'!$F$51,E12,) -> 0 | H12: =IF(G12=0,0,2) -> 0
A13: Humain | D13: Norde | E13: Balancée | G13: =IF(D13='Nom du personnage'!$F$51,E13,) -> 0 | H13: =IF(G13=0,0,2) -> 0
A14: Nain | D14: Norde | E14: Maléfique | G14: =IF(D14='Nom du personnage'!$F$51,E14,) -> 0 | H14: =IF(G14=0,0,2) -> 0
A15: Gobelin | D15: Morgull | E15: Balancée | G15: =IF(D15='Nom du personnage'!$F$51,E15,) -> 0 | H15: =IF(G15=0,0,2) -> 0
A16: Orque | D16: Morgull | E16: Maléfique | G16: =IF(D16='Nom du personnage'!$F$51,E16,) -> 0 | H16: =IF(G16=0,0,2) -> 0
A17: Demi-Démon | G17: =IF(D17='Nom du personnage'!$F$51,E17,) -> 0 | H17: =IF(G17=0,0,2) -> 0
A18: Illithyd | G18: =IF(SUM($H$2:$H$76)>0,0,B2) -> Bénéfique
A19: Norde | G19: =IF(SUM($H$2:$H$76)>0,0,B3) -> Balancée
A20: Presqu'Humain | G20: =IF(SUM($H$2:$H$76)>0,0,B4) -> Maléfique
A21: Bossu
A22: Gitan
A23: Arboréen
A24: Corvus
A25: Rasgadan
A26: Ratfolk
A27: Saurien (Phrynos)
A28: Saurien (Slann)
A29: Saurien (Coatl)
A30: Saurien (Troglodon)
A31: Morgull

Sheet Compétences raciales
B2: Compétence | O2: Compétence
B3: {='Nom du personnage'!C66:L66} -> 0 | C3: 0 | D3: 0 | E3: 0 | F3: 0 | G3: 0 | H3: 0 | I3: 0 | J3: 0 | K3: 0 | L3: =ISERROR(VLOOKUP(B3,Compétences!$T$3:$V$68,2,FALSE)) -> TRUE | M3: =IF(L3,0,-1) -> 0 | O3: {='Nom du personnage'!Q66:Z66} -> 0 | P3: 0 | Q3: 0 | R3: 0 | S3: 0 | T3: 0 | U3: 0 | V3: 0 | W3: 0 | X3: 0 | Y3: =ISERROR(VLOOKUP(O3,Compétences!$T$3:$V$68,2,FALSE)) -> TRUE | Z3: =IF(Y3,0,-1) -> 0
B4: {='Nom du personnage'!C67:L67} -> 0 | C4: 0 | D4: 0 | E4: 0 | F4: 0 | G4: 0 | H4: 0 | I4: 0 | J4: 0 | K4: 0 | L4: =ISERROR(VLOOKUP(B4,Compétences!$T$3:$V$68,2,FALSE)) -> TRUE | M4: =IF(L4,0,-1) -> 0 | O4: {='Nom du personnage'!Q67:Z67} -> 0 | P4: 0 | Q4: 0 | R4: 0 | S4: 0 | T4: 0 | U4: 0 | V4: 0 | W4: 0 | X4: 0 | Y4: =ISERROR(VLOOKUP(O4,Compétences!$T$3:$V$68,2,FALSE)) -> TRUE | Z4: =IF(Y4,0,-1) -> 0
B5: {='Nom du personnage'!C68:L68} -> 0 | C5: 0 | D5: 0 | E5: 0 | F5: 0 | G5: 0 | H5: 0 | I5: 0 | J5: 0 | K5: 0 | L5: =ISERROR(VLOOKUP(B5,Compétences!$T$3:$V$68,2,FALSE)) -> TRUE | M5: =IF(L5,0,-1) -> 0 | O5: {='Nom du personnage'!Q68:Z68} -> 0 | P5: 0 | Q5: 0 | R5: 0 | S5: 0 | T5: 0 | U5: 0 | V5: 0 | W5: 0 | X5: 0 | Y5: =ISERROR(VLOOKUP(O5,Compétences!$T$3:$V$68,2,FALSE)) -> TRUE | Z5: =IF(Y5,0,-1) -> 0
B6: {='Nom du personnage'!C69:L69} -> 0 | C6: 0 | D6: 0 | E6: 0 | F6: 0 | G6: 0 | H6: 0 | I6: 0 | J6: 0 | K6: 0 | L6: =ISERROR(VLOOKUP(B6,Compétences!$T$3:$V$68,2,FALSE)) -> TRUE | M6: =IF(L6,0,-1) -> 0 | O6: {='Nom du personnage'!Q69:Z69} -> 0 | P6: 0 | Q6: 0 | R6: 0 | S6: 0 | T6: 0 | U6: 0 | V6: 0 | W6: 0 | X6: 0 | Y6: =ISERROR(VLOOKUP(O6,Compétences!$T$3:$V$68,2,FALSE)) -> TRUE | Z6: =IF(Y6,0,-1) -> 0
B7: {='Nom du personnage'!C70:L70} -> 0 | C7: 0 | D7: 0 | E7: 0 | F7: 0 | G7: 0 | H7: 0 | I7: 0 | J7: 0 | K7: 0 | L7: =ISERROR(VLOOKUP(B7,Compétences!$T$3:$V$68,2,FALSE)) -> TRUE | M7: =IF(L7,0,-1) -> 0 | O7: {='Nom du personnage'!Q70:Z70} -> 0 | P7: 0 | Q7: 0 | R7: 0 | S7: 0 | T7: 0 | U7: 0 | V7: 0 | W7: 0 | X7: 0 | Y7: =ISERROR(VLOOKUP(O7,Compétences!$T$3:$V$68,2,FALSE)) -> TRUE | Z7: =IF(Y7,0,-1) -> 0
B8: {='Nom du personnage'!C71:L71} -> 0 | C8: 0 | D8: 0 | E8: 0 | F8: 0 | G8: 0 | H8: 0 | I8: 0 | J8: 0 | K8: 0 | L8: =ISERROR(VLOOKUP(B8,Compétences!$T$3:$V$68,2,FALSE)) -> TRUE | M8: =IF(L8,0,-1) -> 0 | O8: {='Nom du personnage'!Q71:Z71} -> 0 | P8: 0 | Q8: 0 | R8: 0 | S8: 0 | T8: 0 | U8: 0 | V8: 0 | W8: 0 | X8: 0 | Y8: =ISERROR(VLOOKUP(O8,Compétences!$T$3:$V$68,2,FALSE)) -> TRUE | Z8: =IF(Y8,0,-1) -> 0
B9: {='Nom du personnage'!C72:L72} -> 0 | C9: 0 | D9: 0 | E9: 0 | F9: 0 | G9: 0 | H9: 0 | I9: 0 | J9: 0 | K9: 0 | L9: =ISERROR(VLOOKUP(B9,Compétences!$T$3:$V$68,2,FALSE)) -> TRUE | M9: =IF(L9,0,-1) -> 0 | O9: {='Nom du personnage'!Q72:Z72} -> 0 | P9: 0 | Q9: 0 | R9: 0 | S9: 0 | T9: 0 | U9: 0 | V9: 0 | W9: 0 | X9: 0 | Y9: =ISERROR(VLOOKUP(O9,Compétences!$T$3:$V$68,2,FALSE)) -> TRUE | Z9: =IF(Y9,0,-1) -> 0
B10: {='Nom du personnage'!C73:L73} -> 0 | C10: 0 | D10: 0 | E10: 0 | F10: 0 | G10: 0 | H10: 0 | I10: 0 | J10: 0 | K10: 0 | L10: =ISERROR(VLOOKUP(B10,Compétences!$T$3:$V$68,2,FALSE)) -> TRUE | M10: =IF(L10,0,-1) -> 0 | O10: {='Nom du personnage'!Q73:Z73} -> 0 | P10: 0 | Q10: 0 | R10: 0 | S10: 0 | T10: 0 | U10: 0 | V10: 0 | W10: 0 | X10: 0 | Y10: =ISERROR(VLOOKUP(O10,Compétences!$T$3:$V$68,2,FALSE)) -> TRUE | Z10: =IF(Y10,0,-1) -> 0
B11: {='Nom du personnage'!C74:L74} -> 0 | C11: 0 | D11: 0 | E11: 0 | F11: 0 | G11: 0 | H11: 0 | I11: 0 | J11: 0 | K11: 0 | L11: =ISERROR(VLOOKUP(B11,Compétences!$T$3:$V$68,2,FALSE)) -> TRUE | M11: =IF(L11,0,-1) -> 0 | O11: {='Nom du personnage'!Q74:Z74} -> 0 | P11: 0 | Q11: 0 | R11: 0 | S11: 0 | T11: 0 | U11: 0 | V11: 0 | W11: 0 | X11: 0 | Y11: =ISERROR(VLOOKUP(O11,Compétences!$T$3:$V$68,2,FALSE)) -> TRUE | Z11: =IF(Y11,0,-1) -> 0
B12: {='Nom du personnage'!C75:L75} -> 0 | C12: 0 | D12: 0 | E12: 0 | F12: 0 | G12: 0 | H12: 0 | I12: 0 | J12: 0 | K12: 0 | L12: =ISERROR(VLOOKUP(B12,Compétences!$T$3:$V$68,2,FALSE)) -> TRUE | M12: =IF(L12,0,-1) -> 0 | O12: {='Nom du personnage'!Q75:Z75} -> 0 | P12: 0 | Q12: 0 | R12: 0 | S12: 0 | T12: 0 | U12: 0 | V12: 0 | W12: 0 | X12: 0 | Y12: =ISERROR(VLOOKUP(O12,Compétences!$T$3:$V$68,2,FALSE)) -> TRUE | Z12: =IF(Y12,0,-1) -> 0
B13: {='Nom du personnage'!C76:L76} -> 0 | C13: 0 | D13: 0 | E13: 0 | F13: 0 | G13: 0 | H13: 0 | I13: 0 | J13: 0 | K13: 0 | L13: =ISERROR(VLOOKUP(B13,Compétences!$T$3:$V$68,2,FALSE)) -> TRUE | M13: =IF(L13,0,-1) -> 0 | O13: {='Nom du personnage'!Q76:Z76} -> 0 | P13: 0 | Q13: 0 | R13: 0 | S13: 0 | T13: 0 | U13: 0 | V13: 0 | W13: 0 | X13: 0 | Y13: =ISERROR(VLOOKUP(O13,Compétences!$T$3:$V$68,2,FALSE)) -> TRUE | Z13: =IF(Y13,0,-1) -> 0
B14: {='Nom du personnage'!C77:L77} -> 0 | C14: 0 | D14: 0 | E14: 0 | F14: 0 | G14: 0 | H14: 0 | I14: 0 | J14: 0 | K14: 0 | L14: =ISERROR(VLOOKUP(B14,Compétences!$T$3:$V$68,2,FALSE)) -> TRUE | M14: =IF(L14,0,-1) -> 0 | O14: {='Nom du personnage'!Q77:Z77} -> 0 | P14: 0 | Q14: 0 | R14: 0 | S14: 0 | T14: 0 | U14: 0 | V14: 0 | W14: 0 | X14: 0 | Y14: =ISERROR(VLOOKUP(O14,Compétences!$T$3:$V$68,2,FALSE)) -> TRUE | Z14: =IF(Y14,0,-1) -> 0
... B22: {='Nom du personnage'!C85:L85} -> 0 | C22: 0 | D22: 0 | E22: 0 | F22: 0 | G22: 0 | H22: 0 | I22: 0 | J22: 0 | K22: 0 | L22: =ISERROR(VLOOKUP(B22,Compétences!$T$3:$V$68,2,FALSE)) -> TRUE | M22: =IF(L22,0,-1) -> 0 | O22: {='Nom du personnage'!Q85:Z85} -> 0 | P22: 0 | Q22: 0 | R22: 0 | S22: 0 | T22: 0 | U22: 0 | V22: 0 | W22: 0 | X22: 0 | Y22: =ISERROR(VLOOKUP(O22,Compétences!$T$3:$V$68,2,FALSE)) -> TRUE | Z22: =IF(Y22,0,-1) -> 0

Sheet Compétences
A2: Catégories | B2: Compétences | C2: Xps | H2: Compétences | I2: Xps | J2: Catégories | K2: Cummulable | M2: Compétences | N2: Xps | O2: Xps +1 | P2: Catégorie | Q2: Race | R2: Compétence | T2: Compétences | U2: XP | V2: Race
A3: Barbare | B3: Attaque brutale | C3: 6 | D3: 1 | H3: Ambidexterie | I3: 3 | J3: ='Nom du personnage'!$U$51 -> 0 | K3: 5 | M3: =IF('Bonus Humain'!H4=0,IF(P3=J3,H3,),'Bonus Humain'!D4) -> Ambidexterie | N3: =IF(M3='Bonus Humain'!D4,Compétences!I3-1,VLOOKUP(M3,H3:J60,2,FALSE)) -> 3 | O3: =VLOOKUP(M3,H3:J60,2,FALSE) -> 3 | P3: ='Nom du personnage'!$U$51 -> 0 | Q3: Demi-Elfe | R3: Archerie | T3: =+IF(V3=Q3,R3,"N/A") -> N/A | U3: -1 | V3: {='Nom du personnage'!$F$51:$O$51} -> 0 | W3: 0 | X3: 0 | Y3: 0 | Z3: 0 | AA3: 0 | AB3: 0 | AC3: 0 | AD3: 0 | AE3: 0
A4: Barbare | B4: Bravoure accrue | C4: 6 | D4: 1 | H4: Archerie | I4: 3 | J4: ='Nom du personnage'!$U$51 -> 0 | K4: 5 | M4: =IF('Bonus Humain'!H5=0,IF(P4=J4,H4,),'Bonus Humain'!D5) -> Archerie | N4: =IF(M4='Bonus Humain'!D5,Compétences!I4-1,VLOOKUP(M4,H4:J61,2,FALSE)) -> 3 | O4: =VLOOKUP(M4,H4:J61,2,FALSE) -> 3 | P4: ='Nom du personnage'!$U$51 -> 0 | Q4: Demi-Elfe | R4: Lecture et écriture (Commun) | T4: =+IF(V4=Q4,R4,"N/A") -> N/A | U4: -1 | V4: {='Nom du personnage'!$F$51:$O$51} -> 0 | W4: 0 | X4: 0 | Y4: 0 | Z4: 0 | AA4: 0 | AB4: 0 | AC4: 0 | AD4: 0 | AE4: 0
A5: Barbare | B5: Bris d'arme | C5: 6 | D5: 1 | H5: Archerie Arcane | I5: 4 | J5: ='Nom du personnage'!$U$51 -> 0 | K5: 1 | M5: =IF('Bonus Humain'!H6=0,IF(COUNTIF('Nom du personnage'!C66:AC85,Compétences!M4)>0,Compétences!H5,0),'Bonus Humain'!D6) -> 0 | N5: =IF(M5='Bonus Humain'!D6,Compétences!I5-1,VLOOKUP(M5,H5:J62,2,FALSE)) -> #N/A | O5: =VLOOKUP(M5,H5:J62,2,FALSE) -> #N/A | P5: ='Nom du personnage'!$U$51 -> 0 | Q5: Demi-Elfe | R5: Lecture et écriture (Elfique) | T5: =+IF(V5=Q5,R5,"N/A") -> N/A | U5: -1 | V5: {='Nom du personnage'!$F$51:$O$51} -> 0 | W5: 0 | X5: 0 | Y5: 0 | Z5: 0 | AA5: 0 | AB5: 0 | AC5: 0 | AD5: 0 | AE5: 0
A6: Barbare | B6: Brise-bouclier | C6: 6 | D6: 1 | H6: Arme à feu | I6: 3 | J6: ='Nom du personnage'!$U$51 -> 0 | K6: 5 | M6: =IF('Bonus Humain'!H7=0,IF(P6=J6,H6,),'Bonus Humain'!D7) -> Arme à feu | N6: =IF(M6='Bonus Humain'!D7,Compétences!I6-1,VLOOKUP(M6,H6:J63,2,FALSE)) -> 3 | O6: =VLOOKUP(M6,H6:J63,2,FALSE) -> 3 | P6: ='Nom du personnage'!$U$51 -> 0 | Q6: Demi-Elfe | R6: Lecture et écriture (Rakuzan) | T6: =+IF(V6=Q6,R6,"N/A") -> N/A | U6: -1 | V6: {='Nom du personnage'!$F$51:$O$51} -> 0 | W6: 0 | X6: 0 | Y6: 0 | Z6: 0 | AA6: 0 | AB6: 0 | AC6: 0 | AD6: 0 | AE6: 0
A7: Barbare | B7: Charge | C7: 5 | D7: 5 | H7: Arme de jet | I7: 3 | J7: ='Nom du personnage'!$U$51 -> 0 | K7: 5 | M7: =IF('Bonus Humain'!H8=0,IF(P7=J7,H7,),'Bonus Humain'!D8) -> Arme de jet | N7: =IF(M7='Bonus Humain'!D8,Compétences!I7-1,VLOOKUP(M7,H7:J64,2,FALSE)) -> 3 | O7: =VLOOKUP(M7,H7:J64,2,FALSE) -> 3 | P7: ='Nom du personnage'!$U$51 -> 0 | Q7: Demi-Elfe | R7: Lecture et écriture (Infernal) | T7: =+IF(V7=Q7,R7,"N/A") -> N/A | U7: -1 | V7: {='Nom du personnage'!$F$51:$O$51} -> 0 | W7: 0 | X7: 0 | Y7: 0 | Z7: 0 | AA7: 0 | AB7: 0 | AC7: 0 | AD7: 0 | AE7: 0
A8: Barbare | B8: Charge accrue | C8: 6 | D8: 5 | H8: Arme non conventionnelle - 2 mains | I8: 4 | J8: ='Nom du personnage'!$U$51 -> 0 | K8: 5 | M8: =IF('Bonus Humain'!H9=0,IF(P8=J8,H8,),'Bonus Humain'!D9) -> Arme non conventionnelle - 2 mains | N8: =IF(M8='Bonus Humain'!D9,Compétences!I8-1,VLOOKUP(M8,H8:J65,2,FALSE)) -> 4 | O8: =VLOOKUP(M8,H8:J65,2,FALSE) -> 4 | P8: ='Nom du personnage'!$U$51 -> 0 | Q8: Demi-Elfe | R8: Lecture et écriture (Céleste) | T8: =+IF(V8=Q8,R8,"N/A") -> N/A | U8: -1 | V8: {='Nom du personnage'!$F$51:$O$51} -> 0 | W8: 0 | X8: 0 | Y8: 0 | Z8: 0 | AA8: 0 | AB8: 0 | AC8: 0 | AD8: 0 | AE8: 0
A9: Barbare | B9: Coup meurtrier | C9: 4 | D9: 1 | H9: Arme non conventionnelle - Colossale | I9: 2 | J9: ='Nom du personnage'!$U$51 -> 0 | K9: 5 | M9: =IF('Bonus Humain'!H10=0,IF(COUNTIF('Nom du personnage'!C66:AC85,Compétences!M8)>0,Compétences!H9,0),'Bonus Humain'!D10) -> 0 | N9: =IF(M9='Bonus Humain'!D10,Compétences!I9-1,VLOOKUP(M9,H9:J66,2,FALSE)) -> #N/A | O9: =VLOOKUP(M9,H9:J66,2,FALSE) -> #N/A | P9: ='Nom du personnage'!$U$51 -> 0 | Q9: Demi-Elfe | R9: Lecture et écriture (Outremonde) | T9: =+IF(V9=Q9,R9,"N/A") -> N/A | U9: -1 | V9: {='Nom du personnage'!$F$51:$O$51} -> 0 | W9: 0 | X9: 0 | Y9: 0 | Z9: 0 | AA9: 0 | AB9: 0 | AC9: 0 | AD9: 0 | AE9: 0
A10: Barbare | B10: Coup puissant | C10: 5 | D10: 5 | H10: Art Mystique | I10: 2 | J10: ='Nom du personnage'!$U$51 -> 0 | K10: 1 | M10: =IF('Bonus Humain'!H11=0,IF('Compétences raciales + carrière'!B36>0,Compétences!H10,0),'Bonus Humain'!D11) -> 0 | N10: =IF(M10='Bonus Humain'!D11,Compétences!I10-1,VLOOKUP(M10,H10:J67,2,FALSE)) -> #N/A | O10: =VLOOKUP(M10,H10:J67,2,FALSE) -> #N/A | P10: ='Nom du personnage'!$U$51 -> 0 | Q10: Demi-Elfe | R10: Lecture et écriture (Vermilangue) | T10: =+IF(V10=Q10,R10,"N/A") -> N/A | U10: -1 | V10: {='Nom du personnage'!$F$51:$O$51} -> 0 | W10: 0 | X10: 0 | Y10: 0 | Z10: 0 | AA10: 0 | AB10: 0 | AC10: 0 | AD10: 0 | AE10: 0
A11: Barbare | B11: Endurance guerrière | C11: 3 | D11: 5 | H11: Bâton de pouvoir | I11: 6 | J11: ='Nom du personnage'!$U$51 -> 0 | K11: 5 | M11: =IF('Bonus Humain'!H12=0,IF(ISERROR(IF(VLOOKUP('Nom du personnage'!$U$51,Données!P3:S30,2,FALSE)>0,Compétences!H11,0)=TRUE),0,IF(VLOOKUP('Nom du personnage'!$U$51,Données!P3:S30,2,FALSE)>0,Compétences!H11,0)),'Bonus Humain'!D12) -> 0 | N11: =IF(M11='Bonus Humain'!D12,Compétences!I11-1,VLOOKUP(M11,H11:J68,2,FALSE)) -> #N/A | O11: =VLOOKUP(M11,H11:J68,2,FALSE) -> #N/A | P11: ='Nom du personnage'!$U$51 -> 0 | Q11: Demi-Elfe | R11: Lecture et écriture (Orque) | T11: =+IF(V11=Q11,R11,"N/A") -> N/A | U11: -1 | V11: {='Nom du personnage'!$F$51:$O$51} -> 0 | W11: 0 | X11: 0 | Y11: 0 | Z11: 0 | AA11: 0 | AB11: 0 | AC11: 0 | AD11: 0 | AE11: 0
A12: Barbare | B12: Maître abidextre | C12: 2 | D12: 5 | H12: Bouclier | I12: 2 | J12: ='Nom du personnage'!$U$51 -> 0 | K12: 5 | M12: =IF('Bonus Humain'!H13=0,IF(P12=J12,H12,),'Bonus Humain'!D13) -> Bouclier | N12: =IF(M12='Bonus Humain'!D13,Compétences!I12-1,VLOOKUP(M12,H12:J69,2,FALSE)) -> 2 | O12: =VLOOKUP(M12,H12:J69,2,FALSE) -> 2 | P12: ='Nom du personnage'!$U$51 -> 0 | Q12: Demi-Elfe | R12: Lecture et écriture (Arcane) | T12: =+IF(V12=Q12,R12,"N/A") -> N/A | U12: -1 | V12: {='Nom du personnage'!$F$51:$O$51} -> 0 | W12: 0 | X12: 0 | Y12: 0 | Z12: 0 | AA12: 0 | AB12: 0 | AC12: 0 | AD12: 0 | AE12: 0
A13: Barbare | B13: Onde de choc | C13: 6 | D13: 1 | H13: Bravoure | I13: 4 | J13: ='Nom du personnage'!$U$51 -> 0 | K13: 5 | M13: =IF('Bonus Humain'!H14=0,IF(P13=J13,H13,),'Bonus Humain'!D14) -> Bravoure | N13: =IF(M13='Bonus Humain'!D14,Compétences!I13-1,VLOOKUP(M13,H13:J70,2,FALSE)) -> 4 | O13: =VLOOKUP(M13,H13:J70,2,FALSE) -> 4 | P13: ='Nom du personnage'!$U$51 -> 0 | Q13: Demi-Elfe | R13: Lecture et écriture (Arborique) | T13: =+IF(V13=Q13,R13,"N/A") -> N/A | U13: -1 | V13: {='Nom du personnage'!$F$51:$O$51} -> 0 | W13: 0 | X13: 0 | Y13: 0 | Z13: 0 | AA13: 0 | AB13: 0 | AC13: 0 | AD13: 0 | AE13: 0
A14: Barbare | B14: Peinture de protection | C14: 4 | D14: 1 | H14: Charognard | I14: 4 | J14: ='Nom du personnage'!$U$51 -> 0 | K14: 1 | M14: =IF('Bonus Humain'!H15=0,IF('Compétences raciales + carrière'!B29=1,Compétences!H14,0),'Bonus Humain'!D15) -> 0 | N14: =IF(M14='Bonus Humain'!D15,Compétences!I14-1,VLOOKUP(M14,H14:J71,2,FALSE)) -> #N/A | O14: =VLOOKUP(M14,H14:J71,2,FALSE) -> #N/A | P14: ='Nom du personnage'!$U$51 -> 0 | Q14: Demi-Elfe | R14: Lecture et écriture (Runique) | T14: =+IF(V14=Q14,R14,"N/A") -> N/A | U14: -1 | V14: {='Nom du personnage'!$F$51:$O$51} -> 0 | W14: 0 | X14: 0 | Y14: 0 | Z14: 0 | AA14: 0 | AB14: 0 | AC14: 0 | AD14: 0 | AE14: 0
A15: Barbare | B15: Résistance à la torture | C15: 4 | D15: 1 | H15: Concoction : Herboristerie | I15: 5 | J15: ='Nom du personnage'!$U$51 -> 0 | K15: 5 | M15: =Concoction!J20 -> 0 | N15: =IF(M15='Bonus Humain'!D16,Compétences!I15-1,VLOOKUP(M15,H15:J72,2,FALSE)) -> #N/A | O15: =N15 -> #N/A | P15: ='Nom du personnage'!$U$51 -> 0 | Q15: Demi-Elfe | R15: Lecture et écriture (Sylvestre) | T15: =+IF(V15=Q15,R15,"N/A") -> N/A | U15: -1 | V15: {='Nom du personnage'!$F$51:$O$51} -> 0 | W15: 0 | X15: 0 | Y15: 0 | Z15: 0 | AA15: 0 | AB15: 0 | AC15: 0 | AD15: 0 | AE15: 0
A16: Barbare | B16: Résistance physique | C16: 6 | D16: 1 | H16: Concoction : Alchimie | I16: 5 | J16: ='Nom du personnage'!$U$51 -> 0 | K16: 5 | M16: =Concoction!J21 -> 0 | N16: =IF(M16='Bonus Humain'!D17,Compétences!I16-1,VLOOKUP(M16,H16:J73,2,FALSE)) -> #N/A | O16: =N16 -> #N/A | P16: ='Nom du personnage'!$U$51 -> 0 | Q16: Elfe Gris | R16: Lecture et écriture (Commun) | T16: =+IF(V16=Q16,R16,"N/A") -> N/A | U16: -1 | V16: {='Nom du personnage'!$F$51:$O$51} -> 0 | W16: 0 | X16: 0 | Y16: 0 | Z16: 0 | AA16: 0 | AB16: 0 | AC16: 0 | AD16: 0 | AE16: 0
A17: Barbare | B17: Résistance aux poisons | C17: 6 | D17: 1 | H17: Concoction : Toxicologie | I17: 5 | J17: ='Nom du personnage'!$U$51 -> 0 | K17: 5 | M17: =Concoction!J22 -> 0 | N17: =IF(M17='Bonus Humain'!D18,Compétences!I17-1,VLOOKUP(M17,H17:J74,2,FALSE)) -> #N/A | O17: =N17 -> #N/A | P17: ='Nom du personnage'!$U$51 -> 0 | Q17: Elfe Gris | R17: Lecture et écriture (Elfique) | T17: =+IF(V17=Q17,R17,"N/A") -> N/A | U17: -1 | V17: {='Nom du personnage'!$F$51:$O$51} -> 0 | W17: 0 | X17: 0 | Y17: 0 | Z17: 0 | AA17: 0 | AB17: 0 | AC17: 0 | AD17: 0 | AE17: 0
A18: Barbare | B18: Tir précis | C18: 6 | D18: 1 | H18: Endurance Simple | I18: 3 | J18: ='Nom du personnage'!$U$51 -> 0 | K18: 5 | M18: =IF('Bonus Humain'!H19=0,IF(P18=J18,H18,),'Bonus Humain'!D19) -> Endurance Simple | N18: =IF(M18='Bonus Humain'!D19,Compétences!I18-1,VLOOKUP(M18,H18:J75,2,FALSE)) -> 3 | O18: =VLOOKUP(M18,H18:J75,2,FALSE) -> 3 | P18: ='Nom du personnage'!$U$51 -> 0 | Q18: Elfe Gris | R18: Lecture et écriture (Rakuzan) | T18: =+IF(V18=Q18,R18,"N/A") -> N/A | U18: -1 | V18: {='Nom du personnage'!$F$51:$O$51} -> 0 | W18: 0 | X18: 0 | Y18: 0 | Z18: 0 | AA18: 0 | AB18: 0 | AC18: 0 | AD18: 0 | AE18: 0
A19: Combattant | B19: Bouclier avancé | C19: 3 | D19: 5 | H19: Forge | I19: 3 | J19: ='Nom du personnage'!$U$51 -> 0 | K19: 5 | M19: =IF('Bonus Humain'!H20=0,IF(P19=J19,H19,),'Bonus Humain'!D20) -> Forge | N19: =IF(M19='Bonus Humain'!D20,Compétences!I19-1,VLOOKUP(M19,H19:J76,2,FALSE)) -> 3 | O19: =VLOOKUP(M19,H19:J76,2,FALSE) -> 3 | P19: ='Nom du personnage'!$U$51 -> 0 | Q19: Elfe Gris | R19: Lecture et écriture (Infernal) | T19: =+IF(V19=Q19,R19,"N/A") -> N/A | U19: -1 | V19: {='Nom du personnage'!$F$51:$O$51} -> 0 | W19: 0 | X19: 0 | Y19: 0 | Z19: 0 | AA19: 0 | AB19: 0 | AC19: 0 | AD19: 0 | AE19: 0
A20: Combattant | B20: Bravoure accrue | C20: 6 | D20: 1 | H20: Héraldique | I20: 1 | J20: ='Nom du personnage'!$U$51 -> 0 | K20: 5 | M20: =IF(P20=J20,H20,) -> Héraldique | N20: =IF(M20='Bonus Humain'!D21,Compétences!I20-1,VLOOKUP(M20,H20:J77,2,FALSE)) -> 1 | O20: =VLOOKUP(M20,H20:J77,2,FALSE) -> 1 | P20: ='Nom du personnage'!$U$51 -> 0 | Q20: Elfe Gris | R20: Lecture et écriture (Céleste) | T20: =+IF(V20=Q20,R20,"N/A") -> N/A | U20: -1 | V20: {='Nom du personnage'!$F$51:$O$51} -> 0 | W20: 0 | X20: 0 | Y20: 0 | Z20: 0 | AA20: 0 | AB20: 0 | AC20: 0 | AD20: 0 | AE20: 0
A21: Combattant | B21: Bris d'arme | C21: 6 | D21: 1 | H21: Invocation Guerrière | I21: 3 | J21: ='Nom du personnage'!$U$51 -> 0 | K21: 5 | M21: =IF('Bonus Humain'!H22=0,IF(ISERROR(IF(AND(ISTEXT('Nom du personnage'!F54)=TRUE,'Nom du personnage'!S60>0),H21,))=TRUE,0,IF(AND(ISTEXT('Nom du personnage'!F54)=TRUE,'Nom du personnage'!S60>0),H21,)),'Bonus Humain'!D22) -> #N/A | N21: =IF(M21='Bonus Humain'!D22,Compétences!I21-1,VLOOKUP(M21,H21:J78,2,FALSE)) -> #N/A | O21: =VLOOKUP(M21,H21:J78,2,FALSE) -> #N/A | P21: ='Nom du personnage'!$U$51 -> 0 | Q21: Elfe Gris | R21: Lecture et écriture (Outremonde) | T21: =+IF(V21=Q21,R21,"N/A") -> N/A | U21: -1 | V21: {='Nom du personnage'!$F$51:$O$51} -> 0 | W21: 0 | X21: 0 | Y21: 0 | Z21: 0 | AA21: 0 | AB21: 0 | AC21: 0 | AD21: 0 | AE21: 0
A22: Combattant | B22: Charge | C22: 5 | D22: 5 | H22: Lecture et écriture - Commun | I22: 2 | J22: ='Nom du personnage'!$U$51 -> 0 | K22: 5 | M22: =IF('Bonus Humain'!H23=0,+'Lecture et écriture'!AS4,'Bonus Humain'!D23) -> Lecture et écriture - Commun | N22: =IF(M22='Bonus Humain'!D23,Compétences!I22-1,VLOOKUP(M22,H22:J79,2,FALSE)) -> 2 | O22: =N22 -> 2 | P22: ='Nom du personnage'!$U$51 -> 0 | Q22: Elfe Gris | R22: Lecture et écriture (Vermilangue) | T22: =+IF(V22=Q22,R22,"N/A") -> N/A | U22: -1 | V22: {='Nom du personnage'!$F$51:$O$51} -> 0 | W22: 0 | X22: 0 | Y22: 0 | Z22: 0 | AA22: 0 | AB22: 0 | AC22: 0 | AD22: 0 | AE22: 0
A23: Combattant | B23: Charge accrue | C23: 6 | D23: 5 | H23: Lecture et écriture - Elfique | I23: 2 | J23: ='Nom du personnage'!$U$51 -> 0 | K23: 5 | M23: =IF('Bonus Humain'!H24=0,+'Lecture et écriture'!AS5,'Bonus Humain'!D24) -> Lecture et écriture - Elfique | N23: =IF(M23='Bonus Humain'!D24,Compétences!I23-1,VLOOKUP(M23,H23:J80,2,FALSE)) -> 2 | O23: =N23 -> 2 | P23: ='Nom du personnage'!$U$51 -> 0 | Q23: Elfe Gris | R23: Lecture et écriture (Orque) | T23: =+IF(V23=Q23,R23,"N/A") -> N/A | U23: -1 | V23: {='Nom du personnage'!$F$51:$O$51} -> 0 | W23: 0 | X23: 0 | Y23: 0 | Z23: 0 | AA23: 0 | AB23: 0 | AC23: 0 | AD23: 0 | AE23: 0
A24: Combattant | B24: Contre-charge | C24: 4 | D24: 5 | H24: Lecture et écriture - Rakuzan | I24: 2 | J24: ='Nom du personnage'!$U$51 -> 0 | K24: 5 | M24: =IF('Bonus Humain'!H25=0,+'Lecture et écriture'!AS6,'Bonus Humain'!D25) -> Lecture et écriture - Rakuzan | N24: =IF(M24='Bonus Humain'!D25,Compétences!I24-1,VLOOKUP(M24,H24:J81,2,FALSE)) -> 2 | O24: =N24 -> 2 | P24: ='Nom du personnage'!$U$51 -> 0 | Q24: Elfe Gris | R24: Lecture et écriture (Arcane) | T24: =+IF(V24=Q24,R24,"N/A") -> N/A | U24: -1 | V24: {='Nom du personnage'!$F$51:$O$51} -> 0 | W24: 0 | X24: 0 | Y24: 0 | Z24: 0 | AA24: 0 | AB24: 0 | AC24: 0 | AD24: 0 | AE24: 0
A25: Combattant | B25: Coup meurtrier | C25: 5 | D25: 1 | H25: Lecture et écriture - Infernal | I25: 2 | J25: ='Nom du personnage'!$U$51 -> 0 | K25: 5 | M25: =IF('Bonus Humain'!H26=0,+'Lecture et écriture'!AS7,'Bonus Humain'!D26) -> Lecture et écriture - Infernal | N25: =IF(M25='Bonus Humain'!D26,Compétences!I25-1,VLOOKUP(M25,H25:J82,2,FALSE)) -> 2 | O25: =N25 -> 2 | P25: ='Nom du personnage'!$U$51 -> 0 | Q25: Elfe Gris | R25: Lecture et écriture (Arborique) | T25: =+IF(V25=Q25,R25,"N/A") -> N/A | U25: -1 | V25: {='Nom du personnage'!$F$51:$O$51} -> 0 | W25: 0 | X25: 0 | Y25: 0 | Z25: 0 | AA25: 0 | AB25: 0 | AC25: 0 | AD25: 0 | AE25: 0
A26: Combattant | B26: Coup puissant | C26: 5 | D26: 5 | H26: Lecture et écriture - Céleste | I26: 2 | J26: ='Nom du personnage'!$U$51 -> 0 | K26: 5 | M26: =IF('Bonus Humain'!H27=0,+'Lecture et écriture'!AS8,'Bonus Humain'!D27) -> Lecture et écriture - Céleste | N26: =IF(M26='Bonus Humain'!D27,Compétences!I26-1,VLOOKUP(M26,H26:J83,2,FALSE)) -> 2 | O26: =N26 -> 2 | P26: ='Nom du personnage'!$U$51 -> 0 | Q26: Elfe Gris | R26: Lecture et écriture (Runique) | T26: =+IF(V26=Q26,R26,"N/A") -> N/A | U26: -1 | V26: {='Nom du personnage'!$F$51:$O$51} -> 0 | W26: 0 | X26: 0 | Y26: 0 | Z26: 0 | AA26: 0 | AB26: 0 | AC26: 0 | AD26: 0 | AE26: 0
A27: Combattant | B27: Désarmement | C27: 6 | D27: 5 | H27: Lecture et écriture - Outremonde | I27: 2 | J27: ='Nom du personnage'!$U$51 -> 0 | K27: 5 | M27: =IF('Bonus Humain'!H28=0,+'Lecture et écriture'!AS9,'Bonus Humain'!D28) -> Lecture et écriture - Outremonde | N27: =IF(M27='Bonus Humain'!D28,Compétences!I27-1,VLOOKUP(M27,H27:J84,2,FALSE)) -> 2 | O27: =N27 -> 2 | P27: ='Nom du personnage'!$U$51 -> 0 | Q27: Elfe Gris | R27: Lecture et écriture (Sylvestre) | T27: =+IF(V27=Q27,R27,"N/A") -> N/A | U27: -1 | V27: {='Nom du personnage'!$F$51:$O$51} -> 0 | W27: 0 | X27: 0 | Y27: 0 | Z27: 0 | AA27: 0 | AB27: 0 | AC27: 0 | AD27: 0 | AE27: 0
A28: Combattant | B28: Endurance guerrière | C28: 3 | D28: 5 | H28: Lecture et écriture - Vermilangue | I28: 2 | J28: ='Nom du personnage'!$U$51 -> 0 | K28: 5 | M28: =IF('Bonus Humain'!H29=0,+'Lecture et écriture'!AS10,'Bonus Humain'!D29) -> Lecture et écriture - Vermilangue | N28: =IF(M28='Bonus Humain'!D29,Compétences!I28-1,VLOOKUP(M28,H28:J85,2,FALSE)) -> 2 | O28: =N28 -> 2 | P28: ='Nom du personnage'!$U$51 -> 0 | Q28: Elfe Gris | R28: Haute magie | T28: =+IF(V28=Q28,R28,"N/A") -> N/A | U28: -1 | V28: {='Nom du personnage'!$F$51:$O$51} -> 0 | W28: 0 | X28: 0 | Y28: 0 | Z28: 0 | AA28: 0 | AB28: 0 | AC28: 0 | AD28: 0 | AE28: 0
A29: Combattant | B29: Force brute | C29: 7 | D29: 5 | H29: Lecture et écriture - Orque | I29: 2 | J29: ='Nom du personnage'!$U$51 -> 0 | K29: 5 | M29: =IF('Bonus Humain'!H30=0,+'Lecture et écriture'!AS11,'Bonus Humain'!D30) -> Lecture et écriture - Orque | N29: =IF(M29='Bonus Humain'!D30,Compétences!I29-1,VLOOKUP(M29,H29:J86,2,FALSE)) -> 2 | O29: =N29 -> 2 | P29: ='Nom du personnage'!$U$51 -> 0 | Q29: Elfe Lunaire | R29: Résistance magique | T29: =+IF(V29=Q29,R29,"N/A") -> N/A | U29: -1 | V29: {='Nom du personnage'!$F$51:$O$51} -> 0 | W29: 0 | X29: 0 | Y29: 0 | Z29: 0 | AA29: 0 | AB29: 0 | AC29: 0 | AD29: 0 | AE29: 0
A30: Combattant | B30: Maître abidextre | C30: 2 | D30: 5 | H30: Lecture et écriture - Arcane | I30: 2 | J30: ='Nom du personnage'!$U$51 -> 0 | K30: 5 | M30: =IF('Bonus Humain'!H31=0,+'Lecture et écriture'!AS12,'Bonus Humain'!D31) -> Lecture et écriture - Arcane | N30: =IF(M30='Bonus Humain'!D31,Compétences!I30-1,VLOOKUP(M30,H30:J87,2,FALSE)) -> 2 | O30: =N30 -> 2 | P30: ='Nom du personnage'!$U$51 -> 0 | Q30: Elfe Lunaire | R30: Archerie | T30: =+IF(V30=Q30,R30,"N/A") -> N/A | U30: -1 | V30: {='Nom du personnage'!$F$51:$O$51} -> 0 | W30: 0 | X30: 0 | Y30: 0 | Z30: 0 | AA30: 0 | AB30: 0 | AC30: 0 | AD30: 0 | AE30: 0
A31: Combattant | B31: Port d'armure spécialisée | C31: 6 | D31: 5 | H31: Lecture et écriture - Arborique | I31: 2 | J31: ='Nom du personnage'!$U$51 -> 0 | K31: 5 | M31: =IF('Bonus Humain'!H32=0,+'Lecture et écriture'!AS13,'Bonus Humain'!D32) -> Lecture et écriture - Arborique | N31: =IF(M31='Bonus Humain'!D32,Compétences!I31-1,VLOOKUP(M31,H31:J88,2,FALSE)) -> 2 | O31: =N31 -> 2 | P31: ='Nom du personnage'!$U$51 -> 0 | Q31: Elfe Noir | R31: Torture | T31: =+IF(V31=Q31,R31,"N/A") -> N/A | U31: -1 | V31: {='Nom du personnage'!$F$51:$O$51} -> 0 | W31: 0 | X31: 0 | Y31: 0 | Z31: 0 | AA31: 0 | AB31: 0 | AC31: 0 | AD31: 0 | AE31: 0
A32: Combattant | B32: Résistance à la torture | C32: 4 | D32: 1 | H32: Lecture et écriture - Runique | I32: 2 | J32: ='Nom du personnage'!$U$51 -> 0 | K32: 5 | M32: =IF('Bonus Humain'!H33=0,+'Lecture et écriture'!AS14,'Bonus Humain'!D33) -> Lecture et écriture - Runique | N32: =IF(M32='Bonus Humain'!D33,Compétences!I32-1,VLOOKUP(M32,H32:J89,2,FALSE)) -> 2 | O32: =N32 -> 2 | P32: ='Nom du personnage'!$U$51 -> 0 | Q32: Elfe Noir | R32: Attaque sournoise | T32: =+IF(V32=Q32,R32,"N/A") -> N/A | U32: -1 | V32: {='Nom du personnage'!$F$51:$O$51} -> 0 | W32: 0 | X32: 0 | Y32: 0 | Z32: 0 | AA32: 0 | AB32: 0 | AC32: 0 | AD32: 0 | AE32: 0
A33: Combattant | B33: Résistance physique | C33: 6 | D33: 1 | H33: Lecture et écriture - Sylvestre | I33: 2 | J33: ='Nom du personnage'!$U$51 -> 0 | K33: 5 | M33: =IF('Bonus Humain'!H34=0,+'Lecture et écriture'!AS15,'Bonus Humain'!D34) -> Lecture et écriture - Sylvestre | N33: =IF(M33='Bonus Humain'!D34,Compétences!I33-1,VLOOKUP(M33,H33:J90,2,FALSE)) -> 2 | O33: =N33 -> 2 | P33: ='Nom du personnage'!$U$51 -> 0 | Q33: Elfe Sanguinaire | R33: Sang impur | T33: =+IF(V33=Q33,R33,"N/A") -> N/A | U33: -1 | V33: {='Nom du personnage'!$F$51:$O$51} -> 0 | W33: 0 | X33: 0 | Y33: 0 | Z33: 0 | AA33: 0 | AB33: 0 | AC33: 0 | AD33: 0 | AE33: 0
A34: Combattant | B34: Tir précis | C34: 6 | D34: 1 | H34: Mulet de bataille | I34: 6 | J34: ='Nom du personnage'!$U$51 -> 0 | K34: 5 | M34: =IF('Bonus Humain'!H35=0,IF(P34=J34,H34,),'Bonus Humain'!D35) -> Mulet de bataille | N34: =IF(M34='Bonus Humain'!D35,Compétences!I34-1,VLOOKUP(M34,H34:J91,2,FALSE)) -> 6 | O34: =VLOOKUP(M34,H34:J91,2,FALSE) -> 6 | P34: ='Nom du personnage'!$U$51 -> 0 | Q34: Elfe Sanguinaire | R34: Transfert de vitalité en mana | T34: =+IF(V34=Q34,R34,"N/A") -> N/A | U34: -1 | V34: {='Nom du personnage'!$F$51:$O$51} -> 0 | W34: 0 | X34: 0 | Y34: 0 | Z34: 0 | AA34: 0 | AB34: 0 | AC34: 0 | AD34: 0 | AE34: 0
A35: Druide | B35: Clairvoyance | C35: 5 | D35: 5 | H35: Noblesse | I35: 3 | J35: ='Nom du personnage'!$U$51 -> 0 | K35: 5 | M35: =IF('Nom du personnage'!F51=Données!C3,0,Compétences!H35) -> Noblesse | N35: =IF(M35='Bonus Humain'!D36,Compétences!I35-1,VLOOKUP(M35,H35:J92,2,FALSE)) -> 3 | O35: =IFERROR(VLOOKUP(M35,H35:J92,2,FALSE),0) -> 3 | P35: ='Nom du personnage'!$U$51 -> 0 | Q35: Elfe Sauvage | R35: Archerie | T35: =+IF(V35=Q35,R35,"N/A") -> N/A | U35: -1 | V35: {='Nom du personnage'!$F$51:$O$51} -> 0 | W35: 0 | X35: 0 | Y35: 0 | Z35: 0 | AA35: 0 | AB35: 0 | AC35: 0 | AD35: 0 | AE35: 0
A36: Druide | B36: Endurance naturelle à la magie | C36: 6 | D36: 5 | H36: Peinture des Morts | I36: 4 | J36: ='Nom du personnage'!$U$51 -> 0 | K36: 1 | M36: =IF('Bonus Humain'!H37=0,IF(OR('Nom du personnage'!E91=Magie!B123,'Nom du personnage'!E91=Magie!B124,'Nom du personnage'!E91=Magie!B125,'Nom du personnage'!S91=Magie!B123,'Nom du personnage'!S91=Magie!B124,'Nom du personnage'!S91=Magie!B125)=TRUE,H36,),'Bonus Humain'!D37) -> 0 | N36: =IF(M36='Bonus Humain'!D37,Compétences!I36-1,VLOOKUP(M36,H36:J93,2,FALSE)) -> #N/A | O36: =VLOOKUP(M36,H36:J93,2,FALSE) -> #N/A | P36: ='Nom du personnage'!$U$51 -> 0 | Q36: Elfe Sauvage | R36: Concoction : Herboristerie | T36: =+IF(V36=Q36,R36,"N/A") -> N/A | U36: -1 | V36: {='Nom du personnage'!$F$51:$O$51} -> 0 | W36: 0 | X36: 0 | Y36: 0 | Z36: 0 | AA36: 0 | AB36: 0 | AC36: 0 | AD36: 0 | AE36: 0
A37: Druide | B37: Fatigue atténuée | C37: 6 | D37: 5 | H37: Rage animale | I37: 6 | J37: ='Nom du personnage'!$U$51 -> 0 | K37: 5 | M37: =IF('Bonus Humain'!H38=0,IF('Compétences raciales + carrière'!B14=1,Compétences!H37,0),'Bonus Humain'!D38) -> 0 | N37: =IF(M37='Bonus Humain'!D38,Compétences!I37-1,VLOOKUP(M37,H37:J94,2,FALSE)) -> #N/A | O37: =VLOOKUP(M37,H37:J94,2,FALSE) -> #N/A | P37: ='Nom du personnage'!$U$51 -> 0 | Q37: Être Sylvestre | R37: Concoction : Herboristerie | T37: =+IF(V37=Q37,R37,"N/A") -> N/A | U37: -1 | V37: {='Nom du personnage'!$F$51:$O$51} -> 0 | W37: 0 | X37: 0 | Y37: 0 | Z37: 0 | AA37: 0 | AB37: 0 | AC37: 0 | AD37: 0 | AE37: 0
A38: Druide | B38: Ferveur magique | C38: 6 | D38: 5 | H38: Religion | I38: 3 | J38: ='Nom du personnage'!$U$51 -> 0 | K38: 5 | M38: =IF('Bonus Humain'!H39=0,IF(Religion!F22=1,0,Compétences!H38),'Bonus Humain'!D39) -> Religion | N38: =IF(M38='Bonus Humain'!D39,Compétences!I38-1,VLOOKUP(M38,H38:J95,2,FALSE)) -> 3 | O38: =VLOOKUP(M38,H38:J95,2,FALSE) -> 3 | P38: ='Nom du personnage'!$U$51 -> 0 | Q38: Être Sylvestre | R38: Concoction : Toxicologie | T38: =+IF(V38=Q38,R38,"N/A") -> N/A | U38: -1 | V38: {='Nom du personnage'!$F$51:$O$51} -> 0 | W38: 0 | X38: 0 | Y38: 0 | Z38: 0 | AA38: 0 | AB38: 0 | AC38: 0 | AD38: 0 | AE38: 0
A39: Druide | B39: Haute magie | C39: 3 | D39: 1 | H39: Résistance à l'alcool | I39: 4 | J39: ='Nom du personnage'!$U$51 -> 0 | K39: 1 | M39: =IF('Bonus Humain'!H40=0,IF(P39=J39,H39,),'Bonus Humain'!D40) -> Résistance à l'alcool | N39: =IF(M39='Bonus Humain'!D40,Compétences!I39-1,VLOOKUP(M39,H39:J96,2,FALSE)) -> 4 | O39: =VLOOKUP(M39,H39:J96,2,FALSE) -> 4 | P39: ='Nom du personnage'!$U$51 -> 0 | Q39: Haut-Elfe | R39: Archerie | T39: =+IF(V39=Q39,R39,"N/A") -> N/A | U39: -1 | V39: {='Nom du personnage'!$F$51:$O$51} -> 0 | W39: 0 | X39: 0 | Y39: 0 | Z39: 0 | AA39: 0 | AB39: 0 | AC39: 0 | AD39: 0 | AE39: 0
A40: Druide | B40: Magie brutale | C40: 5 | D40: 1 | H40: Résistance aux maladies | I40: 4 | J40: ='Nom du personnage'!$U$51 -> 0 | K40: 1 | M40: =IF('Bonus Humain'!H41=0,IF(P40=J40,H40,),'Bonus Humain'!D41) -> Résistance aux maladies | N40: =IF(M40='Bonus Humain'!D41,Compétences!I40-1,VLOOKUP(M40,H40:J97,2,FALSE)) -> 4 | O40: =VLOOKUP(M40,H40:J97,2,FALSE) -> 4 | P40: ='Nom du personnage'!$U$51 -> 0 | Q40: Haut-Elfe | R40: Tir précis | T40: =+IF(V40=Q40,R40,"N/A") -> N/A | U40: -1 | V40: {='Nom du personnage'!$F$51:$O$51} -> 0 | W40: 0 | X40: 0 | Y40: 0 | Z40: 0 | AA40: 0 | AB40: 0 | AC40: 0 | AD40: 0 | AE40: 0
A41: Druide | B41: Peinture de protection | C41: 4 | D41: 1 | H41: Rituel | I41: 4 | J41: ='Nom du personnage'!$U$51 -> 0 | K41: 5 | M41: =IF('Bonus Humain'!H42=0,IF(AND(Religion!D29=TRUE,'Lecture et écriture'!G99=TRUE),Compétences!H41,0),'Bonus Humain'!D42) -> 0 | N41: =IF(M41='Bonus Humain'!D42,Compétences!I41-1,VLOOKUP(M41,H41:J98,2,FALSE)) -> #N/A | O41: =VLOOKUP(M41,H41:J98,2,FALSE) -> #N/A | P41: ='Nom du personnage'!$U$51 -> 0 | Q41: Nain | R41: Forge avancée | T41: =+IF(V41=Q41,R41,"N/A") -> N/A | U41: -1 | V41: {='Nom du personnage'!$F$51:$O$51} -> 0 | W41: 0 | X41: 0 | Y41: 0 | Z41: 0 | AA41: 0 | AB41: 0 | AC41: 0 | AD41: 0 | AE41: 0
A42: Druide | B42: Poudre de Morphée | C42: 3 | D42: 1 | H42: Sang impur | I42: 3 | J42: ='Nom du personnage'!$U$51 -> 0 | K42: 5 | M42: =IF('Bonus Humain'!H43=0,IF(OR(AND(Religion!D29=TRUE,'Nom du personnage'!F60=Données!N5)=TRUE,OR('Nom du personnage'!F51=Données!C18,'Nom du personnage'!F51=Données!C19,'Nom du personnage'!F51=Données!C32,'Nom du personnage'!F51=Données!C7)=TRUE),Compétences!H42,0),'Bonus Humain'!D43) -> 0 | N42: =IF(M42='Bonus Humain'!D43,Compétences!I42-1,VLOOKUP(M42,H42:J99,2,FALSE)) -> #N/A | O42: =VLOOKUP(M42,H42:J99,2,FALSE) -> #N/A | P42: ='Nom du personnage'!$U$51 -> 0 | Q42: Nain | R42: Arme à feu | T42: =+IF(V42=Q42,R42,"N/A") -> N/A | U42: -1 | V42: {='Nom du personnage'!$F$51:$O$51} -> 0 | W42: 0 | X42: 0 | Y42: 0 | Z42: 0 | AA42: 0 | AB42: 0 | AC42: 0 | AD42: 0 | AE42: 0
A43: Druide | B43: Résistance contre un élément | C43: 5 | D43: 1 | H43: Sang pur | I43: 3 | J43: ='Nom du personnage'!$U$51 -> 0 | K43: 5 | M43: =IF('Bonus Humain'!I44=0,IF(AND(Religion!D29=TRUE,'Nom du personnage'!F60=Données!N3),Compétences!H43,0),'Bonus Humain'!D44) -> 0 | N43: =IF(M43='Bonus Humain'!D44,Compétences!I43-1,VLOOKUP(M43,H43:J100,2,FALSE)) -> #N/A | O43: =VLOOKUP(M43,H43:J100,2,FALSE) -> #N/A | P43: ='Nom du personnage'!$U$51 -> 0 | Q43: Gobelin | R43: Arme à feu | T43: =+IF(V43=Q43,R43,"N/A") -> N/A | U43: -1 | V43: {='Nom du personnage'!$F$51:$O$51} -> 0 | W43: 0 | X43: 0 | Y43: 0 | Z43: 0 | AA43: 0 | AB43: 0 | AC43: 0 | AD43: 0 | AE43: 0
A44: Druide | B44: Résistance aux poisons | C44: 6 | D44: 1 | H44: Attaque brutale | I44: 6 | J44: Barbare | K44: =VLOOKUP(H44,$B$3:$D$115,3,FALSE) -> 1 | M44: =IF(P44=J44,H44,) -> 0 | N44: =VLOOKUP(M44,H44:J101,2,FALSE) -> #N/A | O44: =VLOOKUP(M44,H44:J101,2,FALSE) -> #N/A | P44: ='Nom du personnage'!$U$51 -> 0 | Q44: Gobelin | R44: Concoction : Alchimie | T44: =+IF(V44=Q44,R44,"N/A") -> N/A | U44: -1 | V44: {='Nom du personnage'!$F$51:$O$51} -> 0 | W44: 0 | X44: 0 | Y44: 0 | Z44: 0 | AA44: 0 | AB44: 0 | AC44: 0 | AD44: 0 | AE44: 0
A45: Druide | B45: Résistance magique | C45: 6 | D45: 1 | H45: Bravoure accrue | I45: 6 | J45: Barbare | K45: =VLOOKUP(H45,$B$3:$D$115,3,FALSE) -> 1 | M45: {=IF(AND('Nom du personnage'!U51=Compétences!J45,OR('Nom du personnage'!$C$65:$L$85=Compétences!$M$13,'Nom du personnage'!$Q$65:$Z$85=Compétences!$M$13)),H45,0)} -> 0 | N45: =VLOOKUP(M45,H45:J102,2,FALSE) -> #N/A | O45: =VLOOKUP(M45,H45:J102,2,FALSE) -> #N/A | P45: ='Nom du personnage'!$U$51 -> 0 | Q45: Orque | R45: Charognard | T45: =+IF(V45=Q45,R45,"N/A") -> N/A | U45: -1 | V45: {='Nom du personnage'!$F$51:$O$51} -> 0 | W45: 0 | X45: 0 | Y45: 0 | Z45: 0 | AA45: 0 | AB45: 0 | AC45: 0 | AD45: 0 | AE45: 0
A46: Druide | B46: Résistance mentale | C46: 6 | D46: 1 | H46: Bris d'arme | I46: 6 | J46: Barbare | K46: =VLOOKUP(H46,$B$3:$D$115,3,FALSE) -> 1 | M46: =IF(P46=J46,H46,) -> 0 | N46: =VLOOKUP(M46,H46:J103,2,FALSE) -> #N/A | O46: =VLOOKUP(M46,H46:J103,2,FALSE) -> #N/A | P46: ='Nom du personnage'!$U$51 -> 0 | Q46: Orque | R46: Bravoure | T46: =+IF(V46=Q46,R46,"N/A") -> N/A | U46: -1 | V46: {='Nom du personnage'!$F$51:$O$51} -> 0 | W46: 0 | X46: 0 | Y46: 0 | Z46: 0 | AA46: 0 | AB46: 0 | AC46: 0 | AD46: 0 | AE46: 0
A47: Druide | B47: Restauration | C47: 6 | D47: 5 | H47: Brise-bouclier | I47: 6 | J47: Barbare | K47: =VLOOKUP(H47,$B$3:$D$115,3,FALSE) -> 1 | M47: =IF(P47=J47,H47,) -> 0 | N47: =VLOOKUP(M47,H47:J104,2,FALSE) -> #N/A | O47: =VLOOKUP(M47,H47:J104,2,FALSE) -> #N/A | P47: ='Nom du personnage'!$U$51 -> 0 | Q47: Demi-Démon | R47: Attaque divine | T47: =+IF(V47=Q47,R47,"N/A") -> N/A | U47: -1 | V47: {='Nom du personnage'!$F$51:$O$51} -> 0 | W47: 0 | X47: 0 | Y47: 0 | Z47: 0 | AA47: 0 | AB47: 0 | AC47: 0 | AD47: 0 | AE47: 0
A48: Druide | B48: Talisman | C48: 5 | D48: 1 | H48: Charge | I48: 5 | J48: Barbare | K48: =VLOOKUP(H48,$B$3:$D$115,3,FALSE) -> 5 | M48: =IF(P48=J48,H48,) -> 0 | N48: =VLOOKUP(M48,H48:J105,2,FALSE) -> #N/A | O48: =VLOOKUP(M48,H48:J105,2,FALSE) -> #N/A | P48: ='Nom du personnage'!$U$51 -> 0 | Q48: Demi-Démon | R48: Sang impur | T48: =+IF(V48=Q48,R48,"N/A") -> N/A | U48: -1 | V48: {='Nom du personnage'!$F$51:$O$51} -> 0 | W48: 0 | X48: 0 | Y48: 0 | Z48: 0 | AA48: 0 | AB48: 0 | AC48: 0 | AD48: 0 | AE48: 0
A49: Druide | B49: Talisman avancée | C49: 5 | D49: 5 | H49: Charge accrue | I49: 6 | J49: Barbare | K49: =VLOOKUP(H49,$B$3:$D$115,3,FALSE) -> 5 | M49: {=IF(AND('Nom du personnage'!U51=Compétences!J49,OR('Nom du personnage'!$C$65:$L$85=Compétences!$H$48,'Nom du personnage'!$Q$65:$Z$85=Compétences!$H$48)),H49,0)} -> 0 | N49: =VLOOKUP(M49,H49:J106,2,FALSE) -> #N/A | O49: =VLOOKUP(M49,H49:J106,2,FALSE) -> #N/A | P49: ='Nom du personnage'!$U$51 -> 0 | Q49: Ilithyd | R49: Haute magie | T49: =+IF(V49=Q49,R49,"N/A") -> N/A | U49: -1 | V49: {='Nom du personnage'!$F$51:$O$51} -> 0 | W49: 0 | X49: 0 | Y49: 0 | Z49: 0 | AA49: 0 | AB49: 0 | AC49: 0 | AD49: 0 | AE49: 0
A50: Druide | B50: Transfert de vitalité en mana | C50: 2 | D50: 5 | H50: Coup meurtrier | I50: 4 | J50: Barbare | K50: =VLOOKUP(H50,$B$3:$D$115,3,FALSE) -> 1 | M50: =IF(P50=J50,H50,) -> 0 | N50: =VLOOKUP(M50,H50:J107,2,FALSE) -> #N/A | O50: =VLOOKUP(M50,H50:J107,2,FALSE) -> #N/A | P50: ='Nom du personnage'!$U$51 -> 0 | Q50: Ilithyd | R50: Résistance mentale | T50: =+IF(V50=Q50,R50,"N/A") -> N/A | U50: -1 | V50: {='Nom du personnage'!$F$51:$O$51} -> 0 | W50: 0 | X50: 0 | Y50: 0 | Z50: 0 | AA50: 0 | AB50: 0 | AC50: 0 | AD50: 0 | AE50: 0
A51: Mage | B51: Clairvoyance | C51: 5 | D51: 5 | H51: Coup puissant | I51: 5 | J51: Barbare | K51: =VLOOKUP(H51,$B$3:$D$115,3,FALSE) -> 5 | M51: {=IF(AND('Nom du personnage'!U51=Compétences!J51,OR('Nom du personnage'!$C$65:$L$85=Compétences!$H$50,'Nom du personnage'!$Q$65:$Z$85=Compétences!$H$50)),H51,0)} -> 0 | N51: =VLOOKUP(M51,H51:J108,2,FALSE) -> #N/A | O51: =VLOOKUP(M51,H51:J108,2,FALSE) -> #N/A | P51: ='Nom du personnage'!$U$51 -> 0 | Q51: Norde | R51: Bravoure accrue | T51: =+IF(V51=Q51,R51,"N/A") -> N/A | U51: -1 | V51: {='Nom du personnage'!$F$51:$O$51} -> 0 | W51: 0 | X51: 0 | Y51: 0 | Z51: 0 | AA51: 0 | AB51: 0 | AC51: 0 | AD51: 0 | AE51: 0
A52: Mage | B52: Endurance naturelle à la magie | C52: 6 | D52: 5 | H52: Endurance guerrière | I52: 3 | J52: Barbare | K52: =VLOOKUP(H52,$B$3:$D$115,3,FALSE) -> 5 | M52: {=IF(AND('Nom du personnage'!U51=Compétences!J52,OR('Nom du personnage'!$C$65:$L$85=Compétences!$M$18,'Nom du personnage'!$Q$65:$Z$85=Compétences!$M$18)),H52,0)} -> 0 | N52: =VLOOKUP(M52,H52:J109,2,FALSE) -> #N/A | O52: =VLOOKUP(M52,H52:J109,2,FALSE) -> #N/A | P52: ='Nom du personnage'!$U$51 -> 0 | Q52: Norde | R52: Charognard | T52: =+IF(V52=Q52,R52,"N/A") -> N/A | U52: -1 | V52: {='Nom du personnage'!$F$51:$O$51} -> 0 | W52: 0 | X52: 0 | Y52: 0 | Z52: 0 | AA52: 0 | AB52: 0 | AC52: 0 | AD52: 0 | AE52: 0
A53: Mage | B53: Fatigue atténuée | C53: 6 | D53: 5 | H53: Maître ambidextre | I53: 2 | J53: Barbare | K53: =VLOOKUP(H53,$B$3:$D$115,3,FALSE) -> 5 | M53: {=IF(AND('Nom du personnage'!$U$51=Compétences!J53,OR('Nom du personnage'!$C$65:$L$85=Compétences!$M$3,'Nom du personnage'!$Q$65:$Z$85=Compétences!$M$3)),H53,0)} -> 0 | N53: =VLOOKUP(M53,H53:J110,2,FALSE) -> #N/A | O53: =VLOOKUP(M53,H53:J110,2,FALSE) -> #N/A | P53: ='Nom du personnage'!$U$51 -> 0 | Q53: Bossu | R53: Attaque brutale | T53: =+IF(V53=Q53,R53,"N/A") -> N/A | U53: -1 | V53: {='Nom du personnage'!$F$51:$O$51} -> 0 | W53: 0 | X53: 0 | Y53: 0 | Z53: 0 | AA53: 0 | AB53: 0 | AC53: 0 | AD53: 0 | AE53: 0
A54: Mage | B54: Ferveur magique | C54: 6 | D54: 5 | H54: Onde de choc | I54: 6 | J54: Barbare | K54: =VLOOKUP(H54,$B$3:$D$115,3,FALSE) -> 1 | M54: =IF(P54=J54,H54,) -> 0 | N54: =VLOOKUP(M54,H54:J111,2,FALSE) -> #N/A | O54: =VLOOKUP(M54,H54:J111,2,FALSE) -> #N/A | P54: ='Nom du personnage'!$U$51 -> 0 | Q54: Bossu | R54: Lancer meurtrier | T54: =+IF(V54=Q54,R54,"N/A") -> N/A | U54: -1 | V54: {='Nom du personnage'!$F$51:$O$51} -> 0 | W54: 0 | X54: 0 | Y54: 0 | Z54: 0 | AA54: 0 | AB54: 0 | AC54: 0 | AD54: 0 | AE54: 0
A55: Mage | B55: Haute magie | C55: 3 | D55: 1 | H55: Peinture de protection | I55: 4 | J55: Barbare | K55: =VLOOKUP(H55,$B$3:$D$115,3,FALSE) -> 1 | M55: =IF(P55=J55,H55,) -> 0 | N55: =VLOOKUP(M55,H55:J112,2,FALSE) -> #N/A | O55: =VLOOKUP(M55,H55:J112,2,FALSE) -> #N/A | P55: ='Nom du personnage'!$U$51 -> 0 | Q55: Gitan | R55: Lancer meurtrier | T55: =+IF(V55=Q55,R55,"N/A") -> N/A | U55: -1 | V55: {='Nom du personnage'!$F$51:$O$51} -> 0 | W55: 0 | X55: 0 | Y55: 0 | Z55: 0 | AA55: 0 | AB55: 0 | AC55: 0 | AD55: 0 | AE55: 0
A56: Mage | B56: Magie brutale | C56: 5 | D56: 1 | H56: Résistance à la torture | I56: 4 | J56: Barbare | K56: =VLOOKUP(H56,$B$3:$D$115,3,FALSE) -> 1 | M56: =IF(P56=J56,H56,) -> 0 | N56: =VLOOKUP(M56,H56:J113,2,FALSE) -> #N/A | O56: =VLOOKUP(M56,H56:J113,2,FALSE) -> #N/A | P56: ='Nom du personnage'!$U$51 -> 0 | Q56: Gitan | R56: Clairvoyance | T56: =+IF(V56=Q56,R56,"N/A") -> N/A | U56: -1 | V56: {='Nom du personnage'!$F$51:$O$51} -> 0 | W56: 0 | X56: 0 | Y56: 0 | Z56: 0 | AA56: 0 | AB56: 0 | AC56: 0 | AD56: 0 | AE56: 0
A57: Mage | B57: Poudre de Morphée | C57: 3 | D57: 1 | H57: Résistance physique | I57: 6 | J57: Barbare | K57: =VLOOKUP(H57,$B$3:$D$115,3,FALSE) -> 1 | M57: =IF(P57=J57,H57,) -> 0 | N57: =VLOOKUP(M57,H57:J114,2,FALSE) -> #N/A | O57: =VLOOKUP(M57,H57:J114,2,FALSE) -> #N/A | P57: ='Nom du personnage'!$U$51 -> 0 | Q57: Morgull | R57: Sang impur | T57: =+IF(V57=Q57,R57,"N/A") -> N/A | U57: -1 | V57: {='Nom du personnage'!$F$51:$O$51} -> 0 | W57: 0 | X57: 0 | Y57: 0 | Z57: 0 | AA57: 0 | AB57: 0 | AC57: 0 | AD57: 0 | AE57: 0
A58: Mage | B58: Renvoi de sort | C58: 6 | D58: 5 | H58: Résistance aux poisons | I58: 6 | J58: Barbare | K58: =VLOOKUP(H58,$B$3:$D$115,3,FALSE) -> 1 | M58: =IF(P58=J58,H58,) -> 0 | N58: =VLOOKUP(M58,H58:J115,2,FALSE) -> #N/A | O58: =VLOOKUP(M58,H58:J115,2,FALSE) -> #N/A | P58: ='Nom du personnage'!$U$51 -> 0 | Q58: Morgull | R58: Charognard | T58: =+IF(V58=Q58,R58,"N/A") -> N/A | U58: -1 | V58: {='Nom du personnage'!$F$51:$O$51} -> 0 | W58: 0 | X58: 0 | Y58: 0 | Z58: 0 | AA58: 0 | AB58: 0 | AC58: 0 | AD58: 0 | AE58: 0
A59: Mage | B59: Résistance contre un élément | C59: 5 | D59: 1 | H59: Tir précis | I59: 6 | J59: Barbare | K59: =VLOOKUP(H59,$B$3:$D$115,3,FALSE) -> 1 | M59: =IF(P59=J59,H59,) -> 0 | N59: =VLOOKUP(M59,H59:J116,2,FALSE) -> #N/A | O59: =VLOOKUP(M59,H59:J116,2,FALSE) -> #N/A | P59: ='Nom du personnage'!$U$51 -> 0 | Q59: Arboréen | R59: Archerie | T59: =+IF(V59=Q59,R59,"N/A") -> N/A | U59: -1 | V59: {='Nom du personnage'!$F$51:$O$51} -> 0 | W59: 0 | X59: 0 | Y59: 0 | Z59: 0 | AA59: 0 | AB59: 0 | AC59: 0 | AD59: 0 | AE59: 0
A60: Mage | B60: Résistance magique | C60: 6 | D60: 1 | H60: Bouclier avancé | I60: 3 | J60: Combattant | K60: =VLOOKUP(H60,$B$3:$D$115,3,FALSE) -> 5 | M60: {=IF(AND('Nom du personnage'!$U$51=Compétences!J60,OR('Nom du personnage'!$C$65:$L$85=Compétences!$M$12,'Nom du personnage'!$Q$65:$Z$85=Compétences!$M$12)),H60,0)} -> 0 | N60: =VLOOKUP(M60,H60:J117,2,FALSE) -> #N/A | O60: =VLOOKUP(M60,H60:J117,2,FALSE) -> #N/A | P60: ='Nom du personnage'!$U$51 -> 0 | Q60: Arboréen | R60: Équilibre | T60: =+IF(V60=Q60,R60,"N/A") -> N/A | U60: -1 | V60: {='Nom du personnage'!$F$51:$O$51} -> 0 | W60: 0 | X60: 0 | Y60: 0 | Z60: 0 | AA60: 0 | AB60: 0 | AC60: 0 | AD60: 0 | AE60: 0
A61: Mage | B61: Résistance mentale | C61: 6 | D61: 1 | H61: Bravoure accrue | I61: 6 | J61: Combattant | K61: =VLOOKUP(H61,$B$3:$D$115,3,FALSE) -> 1 | M61: {=IF(AND('Nom du personnage'!U67=Compétences!J61,OR('Nom du personnage'!$C$65:$L$85=Compétences!$M$13,'Nom du personnage'!$Q$65:$Z$85=Compétences!$M$13)),H61,0)} -> 0 | N61: =VLOOKUP(M61,H61:J118,2,FALSE) -> #N/A | O61: =VLOOKUP(M61,H61:J118,2,FALSE) -> #N/A | P61: ='Nom du personnage'!$U$51 -> 0 | Q61: Corvus | R61: Résistance aux poisons | T61: =+IF(V61=Q61,R61,"N/A") -> N/A | U61: -1 | V61: {='Nom du personnage'!$F$51:$O$51} -> 0 | W61: 0 | X61: 0 | Y61: 0 | Z61: 0 | AA61: 0 | AB61: 0 | AC61: 0 | AD61: 0 | AE61: 0
A62: Mage | B62: Restauration | C62: 6 | D62: 5 | H62: Bris d'arme | I62: 6 | J62: Combattant | K62: =VLOOKUP(H62,$B$3:$D$115,3,FALSE) -> 1 | M62: =IF(P62=J62,H62,) -> 0 | N62: =VLOOKUP(M62,H62:J119,2,FALSE) -> #N/A | O62: =VLOOKUP(M62,H62:J119,2,FALSE) -> #N/A | P62: ='Nom du personnage'!$U$51 -> 0 | Q62: Corvus | R62: Clairvoyance | T62: =+IF(V62=Q62,R62,"N/A") -> N/A | U62: -1 | V62: {='Nom du personnage'!$F$51:$O$51} -> 0 | W62: 0 | X62: 0 | Y62: 0 | Z62: 0 | AA62: 0 | AB62: 0 | AC62: 0 | AD62: 0 | AE62: 0
A63: Mage | B63: Talisman | C63: 5 | D63: 1 | H63: Charge | I63: 5 | J63: Combattant | K63: =VLOOKUP(H63,$B$3:$D$115,3,FALSE) -> 5 | M63: =IF(P63=J63,H63,) -> 0 | N63: =VLOOKUP(M63,H63:J120,2,FALSE) -> #N/A | O63: =VLOOKUP(M63,H63:J120,2,FALSE) -> #N/A | P63: ='Nom du personnage'!$U$51 -> 0 | Q63: Rasgadan | R63: Charognard | T63: =+IF(V63=Q63,R63,"N/A") -> N/A | U63: -1 | V63: {='Nom du personnage'!$F$51:$O$51} -> 0 | W63: 0 | X63: 0 | Y63: 0 | Z63: 0 | AA63: 0 | AB63: 0 | AC63: 0 | AD63: 0 | AE63: 0
A64: Mage | B64: Talisman avancée | C64: 5 | D64: 5 | H64: Charge accrue | I64: 6 | J64: Combattant | K64: =VLOOKUP(H64,$B$3:$D$115,3,FALSE) -> 5 | M64: {=IF(AND('Nom du personnage'!U51=Compétences!J64,OR('Nom du personnage'!$C$65:$L$85=Compétences!$H$48,'Nom du personnage'!$Q$65:$Z$85=Compétences!$H$48)),H64,0)} -> 0 | N64: =VLOOKUP(M64,H64:J121,2,FALSE) -> #N/A | O64: =VLOOKUP(M64,H64:J121,2,FALSE) -> #N/A | P64: ='Nom du personnage'!$U$51 -> 0 | Q64: Rasgadan | R64: Rage animale | T64: =+IF(V64=Q64,R64,"N/A") -> N/A | U64: -1 | V64: {='Nom du personnage'!$F$51:$O$51} -> 0 | W64: 0 | X64: 0 | Y64: 0 | Z64: 0 | AA64: 0 | AB64: 0 | AC64: 0 | AD64: 0 | AE64: 0
A65: Mage | B65: Transfert de vitalité en mana | C65: 2 | D65: 5 | H65: Contre-charge | I65: 4 | J65: Combattant | K65: =VLOOKUP(H65,$B$3:$D$115,3,FALSE) -> 5 | M65: =IF(P65=J65,H65,) -> 0 | N65: =VLOOKUP(M65,H65:J122,2,FALSE) -> #N/A | O65: =VLOOKUP(M65,H65:J122,2,FALSE) -> #N/A | P65: ='Nom du personnage'!$U$51 -> 0 | Q65: Ratfolk | R65: Charognard | T65: =+IF(V65=Q65,R65,"N/A") -> N/A | U65: -1 | V65: {='Nom du personnage'!$F$51:$O$51} -> 0 | W65: 0 | X65: 0 | Y65: 0 | Z65: 0 | AA65: 0 | AB65: 0 | AC65: 0 | AD65: 0 | AE65: 0
A66: Marchand | B66: Contact Marchand - Mineur | C66: 5 | D66: 5 | H66: Coup meurtrier | I66: 5 | J66: Combattant | K66: =VLOOKUP(H66,$B$3:$D$115,3,FALSE) -> 1 | M66: =IF(P66=J66,H66,) -> 0 | N66: =VLOOKUP(M66,H66:J123,2,FALSE) -> #N/A | O66: =VLOOKUP(M66,H66:J123,2,FALSE) -> #N/A | P66: ='Nom du personnage'!$U$51 -> 0 | Q66: Ratfolk | R66: Résistance aux poisons | T66: =+IF(V66=Q66,R66,"N/A") -> N/A | U66: -1 | V66: {='Nom du personnage'!$F$51:$O$51} -> 0 | W66: 0 | X66: 0 | Y66: 0 | Z66: 0 | AA66: 0 | AB66: 0 | AC66: 0 | AD66: 0 | AE66: 0
A67: Marchand | B67: Contact Marchand - Druide | C67: 5 | D67: 5 | H67: Coup puissant | I67: 5 | J67: Combattant | K67: =VLOOKUP(H67,$B$3:$D$115,3,FALSE) -> 5 | M67: {=IF(AND('Nom du personnage'!U67=Compétences!J67,OR('Nom du personnage'!$C$65:$L$85=Compétences!$H$50,'Nom du personnage'!$Q$65:$Z$85=Compétences!$H$50)),H67,0)} -> 0 | N67: =VLOOKUP(M67,H67:J124,2,FALSE) -> #N/A | O67: =VLOOKUP(M67,H67:J124,2,FALSE) -> #N/A | P67: ='Nom du personnage'!$U$51 -> 0 | Q67: Saurien | R67: Charognard | T67: =+IF(V67=Q67,R67,"N/A") -> N/A | U67: -1 | V67: {='Nom du personnage'!$F$51:$O$51} -> 0 | W67: 0 | X67: 0 | Y67: 0 | Z67: 0 | AA67: 0 | AB67: 0 | AC67: 0 | AD67: 0 | AE67: 0
A68: Marchand | B68: Contact Marchand - Brasseur | C68: 5 | D68: 5 | H68: Désarmement | I68: 6 | J68: Combattant | K68: =VLOOKUP(H68,$B$3:$D$115,3,FALSE) -> 5 | M68: =IF(P68=J68,H68,) -> 0 | N68: =VLOOKUP(M68,H68:J125,2,FALSE) -> #N/A | O68: =VLOOKUP(M68,H68:J125,2,FALSE) -> #N/A | P68: ='Nom du personnage'!$U$51 -> 0 | Q68: Saurien | R68: Talisman | T68: =+IF(V68=Q68,R68,"N/A") -> N/A | U68: -1 | V68: {='Nom du personnage'!$F$51:$O$51} -> 0 | W68: 0 | X68: 0 | Y68: 0 | Z68: 0 | AA68: 0 | AB68: 0 | AC68: 0 | AD68: 0 | AE68: 0
A69: Marchand | B69: Contact Marchand - Forgeron | C69: 5 | D69: 5 | H69: Endurance guerrière | I69: 3 | J69: Combattant | K69: =VLOOKUP(H69,$B$3:$D$115,3,FALSE) -> 5 | M69: {=IF(AND('Nom du personnage'!U68=Compétences!J69,OR('Nom du personnage'!$C$65:$L$85=Compétences!$M$18,'Nom du personnage'!$Q$65:$Z$85=Compétences!$M$18)),H69,0)} -> 0 | N69: =VLOOKUP(M69,H69:J126,2,FALSE) -> #N/A | O69: =VLOOKUP(M69,H69:J126,2,FALSE) -> #N/A | P69: ='Nom du personnage'!$U$51 -> 0
A70: Marchand | B70: Contact Marchand - Scribe | C70: 6 | D70: 5 | H70: Force brute | I70: 7 | J70: Combattant | K70: =VLOOKUP(H70,$B$3:$D$115,3,FALSE) -> 5 | M70: =IF(P70=J70,H70,) -> 0 | N70: =VLOOKUP(M70,H70:J127,2,FALSE) -> #N/A | O70: =VLOOKUP(M70,H70:J127,2,FALSE) -> #N/A | P70: ='Nom du personnage'!$U$51 -> 0
A71: Marchand | B71: Contact Marchand - Sorcier | C71: 10 | D71: 5 | H71: Maître ambidextre | I71: 2 | J71: Combattant | K71: =VLOOKUP(H71,$B$3:$D$115,3,FALSE) -> 5 | M71: {=IF(AND('Nom du personnage'!$U$51=Compétences!J71,OR('Nom du personnage'!$C$65:$L$85=Compétences!$M$3,'Nom du personnage'!$Q$65:$Z$85=Compétences!$M$3)),H71,0)} -> 0 | N71: =VLOOKUP(M71,H71:J128,2,FALSE) -> #N/A | O71: =VLOOKUP(M71,H71:J128,2,FALSE) -> #N/A | P71: ='Nom du personnage'!$U$51 -> 0
A72: Marchand | B72: Contact Marchand - Commanditaire | C72: 10 | D72: 5 | H72: Port d'armure spécialisée | I72: 6 | J72: Combattant | K72: =VLOOKUP(H72,$B$3:$D$115,3,FALSE) -> 5 | M72: =IF(P72=J72,H72,) -> 0 | N72: =VLOOKUP(M72,H72:J129,2,FALSE) -> #N/A | O72: =VLOOKUP(M72,H72:J129,2,FALSE) -> #N/A | P72: ='Nom du personnage'!$U$51 -> 0
A73: Marchand | B73: Dissimulation d'objet | C73: 6 | D73: 5 | H73: Résistance à la torture | I73: 4 | J73: Combattant | K73: =VLOOKUP(H73,$B$3:$D$115,3,FALSE) -> 1 | M73: =IF(P73=J73,H73,) -> 0 | N73: =VLOOKUP(M73,H73:J130,2,FALSE) -> #N/A | O73: =VLOOKUP(M73,H73:J130,2,FALSE) -> #N/A | P73: ='Nom du personnage'!$U$51 -> 0
A74: Marchand | B74: Expert en concotion | C74: 5 | D74: 1 | H74: Résistance physique | I74: 6 | J74: Combattant | K74: =VLOOKUP(H74,$B$3:$D$115,3,FALSE) -> 1 | M74: =IF(P74=J74,H74,) -> 0 | N74: =VLOOKUP(M74,H74:J131,2,FALSE) -> #N/A | O74: =VLOOKUP(M74,H74:J131,2,FALSE) -> #N/A | P74: ='Nom du personnage'!$U$51 -> 0
A75: Marchand | B75: Falsification | C75: 6 | D75: 5 | H75: Tir précis | I75: 6 | J75: Combattant | K75: =VLOOKUP(H75,$B$3:$D$115,3,FALSE) -> 1 | M75: =IF(P75=J75,H75,) -> 0 | N75: =VLOOKUP(M75,H75:J132,2,FALSE) -> #N/A | O75: =VLOOKUP(M75,H75:J132,2,FALSE) -> #N/A | P75: ='Nom du personnage'!$U$51 -> 0
A76: Marchand | B76: Forge avancée | C76: 6 | D76: 1 | H76: Clairvoyance | I76: 5 | J76: Druide | K76: =VLOOKUP(H76,$B$3:$D$115,3,FALSE) -> 5 | M76: =IF(AND('Nom du personnage'!$U$51=Compétences!J76,Religion!$D$29=TRUE),Compétences!H76,0) -> 0 | N76: =VLOOKUP(M76,H76:J133,2,FALSE) -> #N/A | O76: =VLOOKUP(M76,H76:J133,2,FALSE) -> #N/A | P76: ='Nom du personnage'!$U$51 -> 0
A77: Marchand | B77: Maître ambidextre | C77: 2 | D77: 5 | H77: Endurance naturelle à la magie | I77: 6 | J77: Druide | K77: =VLOOKUP(H77,$B$3:$D$115,3,FALSE) -> 5 | M77: =IF(P77=J77,H77,) -> 0 | N77: =VLOOKUP(M77,H77:J134,2,FALSE) -> #N/A | O77: =VLOOKUP(M77,H77:J134,2,FALSE) -> #N/A | P77: ='Nom du personnage'!$U$51 -> 0
A78: Marchand | B78: Résistance aux poisons | C78: 6 | D78: 1 | H78: Fatigue atténuée | I78: 6 | J78: Druide | K78: =VLOOKUP(H78,$B$3:$D$115,3,FALSE) -> 5 | M78: =IF(P78=J78,H78,) -> 0 | N78: =VLOOKUP(M78,H78:J135,2,FALSE) -> #N/A | O78: =VLOOKUP(M78,H78:J135,2,FALSE) -> #N/A | P78: ='Nom du personnage'!$U$51 -> 0
A79: Marchand | B79: Résistance mentale | C79: 6 | D79: 1 | I79: 6 | J79: Druide | K79: =VLOOKUP(H79,$B$3:$D$115,3,FALSE) -> #N/A | M79: =IF(P79=J79,H79,) -> 0 | N79: =VLOOKUP(M79,H79:J136,2,FALSE) -> #N/A | O79: =VLOOKUP(M79,H79:J136,2,FALSE) -> #N/A | P79: ='Nom du personnage'!$U$51 -> 0
A80: Marchand | B80: Serrurier | C80: 5 | D80: 5 | H80: Haute magie | I80: 3 | J80: Druide | K80: =VLOOKUP(H80,$B$3:$D$115,3,FALSE) -> 1 | M80: =IF(P80=J80,H80,) -> 0 | N80: =VLOOKUP(M80,H80:J137,2,FALSE) -> #N/A | O80: =VLOOKUP(M80,H80:J137,2,FALSE) -> #N/A | P80: ='Nom du personnage'!$U$51 -> 0
A81: Marchand | B81: Vol à la tire | C81: 4 | D81: 5 | H81: Magie brutale | I81: 5 | J81: Druide | K81: =VLOOKUP(H81,$B$3:$D$115,3,FALSE) -> 1 | M81: =IF(P81=J81,H81,) -> 0 | N81: =VLOOKUP(M81,H81:J138,2,FALSE) -> #N/A | O81: =VLOOKUP(M81,H81:J138,2,FALSE) -> #N/A | P81: ='Nom du personnage'!$U$51 -> 0
A82: Prêtre | B82: Armure de la foi | C82: 4 | D82: 1 | H82: Peinture de protection | I82: 4 | J82: Druide | K82: =VLOOKUP(H82,$B$3:$D$115,3,FALSE) -> 1 | M82: =IF(P82=J82,H82,) -> 0 | N82: =VLOOKUP(M82,H82:J139,2,FALSE) -> #N/A | O82: =VLOOKUP(M82,H82:J139,2,FALSE) -> #N/A | P82: ='Nom du personnage'!$U$51 -> 0
A83: Prêtre | B83: Attaque divine | C83: 5 | D83: 1 | H83: Poudre de Morphée | I83: 3 | J83: Druide | K83: =VLOOKUP(H83,$B$3:$D$115,3,FALSE) -> 1 | M83: =IF(P83=J83,H83,) -> 0 | N83: =VLOOKUP(M83,H83:J140,2,FALSE) -> #N/A | O83: =VLOOKUP(M83,H83:J140,2,FALSE) -> #N/A | P83: ='Nom du personnage'!$U$51 -> 0
A84: Prêtre | B84: Clairvoyance | C84: 5 | D84: 5 | H84: Résistance contre un élément | I84: 5 | J84: Druide | K84: =VLOOKUP(H84,$B$3:$D$115,3,FALSE) -> 1 | M84: =IF(P84=J84,H84,) -> 0 | N84: =VLOOKUP(M84,H84:J141,2,FALSE) -> #N/A | O84: =VLOOKUP(M84,H84:J141,2,FALSE) -> #N/A | P84: ='Nom du personnage'!$U$51 -> 0
A85: Prêtre | B85: Don miraculeux | C85: 5 | D85: 1 | H85: Résistance aux poisons | I85: 6 | J85: Druide | K85: =VLOOKUP(H85,$B$3:$D$115,3,FALSE) -> 1 | M85: =IF(P85=J85,H85,) -> 0 | N85: =VLOOKUP(M85,H85:J142,2,FALSE) -> #N/A | O85: =VLOOKUP(M85,H85:J142,2,FALSE) -> #N/A | P85: ='Nom du personnage'!$U$51 -> 0
A86: Prêtre | B86: Endurance naturelle à la magie | C86: 6 | D86: 5 | H86: Résistance magique | I86: 6 | J86: Druide | K86: =VLOOKUP(H86,$B$3:$D$115,3,FALSE) -> 1 | M86: =IF(P86=J86,H86,) -> 0 | N86: =VLOOKUP(M86,H86:J143,2,FALSE) -> #N/A | O86: =VLOOKUP(M86,H86:J143,2,FALSE) -> #N/A | P86: ='Nom du personnage'!$U$51 -> 0
A87: Prêtre | B87: Ferveur magique | C87: 6 | D87: 5 | H87: Résistance mentale | I87: 6 | J87: Druide | K87: =VLOOKUP(H87,$B$3:$D$115,3,FALSE) -> 1 | M87: =IF(P87=J87,H87,) -> 0 | N87: =VLOOKUP(M87,H87:J144,2,FALSE) -> #N/A | O87: =VLOOKUP(M87,H87:J144,2,FALSE) -> #N/A | P87: ='Nom du personnage'!$U$51 -> 0
A88: Prêtre | B88: Haute magie | C88: 3 | D88: 1 | H88: Restauration | I88: 6 | J88: Druide | K88: =VLOOKUP(H88,$B$3:$D$115,3,FALSE) -> 5 | M88: =IF(P88=J88,H88,) -> 0 | N88: =VLOOKUP(M88,H88:J145,2,FALSE) -> #N/A | O88: =VLOOKUP(M88,H88:J145,2,FALSE) -> #N/A | P88: ='Nom du personnage'!$U$51 -> 0
A89: Prêtre | B89: Magie brutale | C89: 5 | D89: 1 | H89: Talisman | I89: 5 | J89: Druide | K89: =VLOOKUP(H89,$B$3:$D$115,3,FALSE) -> 1 | M89: =IF(P89=J89,H89,) -> 0 | N89: =VLOOKUP(M89,H89:J146,2,FALSE) -> #N/A | O89: =VLOOKUP(M89,H89:J146,2,FALSE) -> #N/A | P89: ='Nom du personnage'!$U$51 -> 0
A90: Prêtre | B90: Poudre de Morphée | C90: 3 | D90: 1 | H90: Talisman avancée | I90: 5 | J90: Druide | K90: =VLOOKUP(H90,$B$3:$D$115,3,FALSE) -> 5 | M90: {=IF(AND('Nom du personnage'!$U$51=Compétences!J90,OR('Nom du personnage'!$C$65:$L$85=Compétences!$H$89,'Nom du personnage'!$Q$65:$Z$85=Compétences!$H$89)),H90,0)} -> 0 | N90: =VLOOKUP(M90,H90:J147,2,FALSE) -> #N/A | O90: =VLOOKUP(M90,H90:J147,2,FALSE) -> #N/A | P90: ='Nom du personnage'!$U$51 -> 0
A91: Prêtre | B91: Résistance magique | C91: 6 | D91: 1 | H91: Transfert de vitalité en mana | I91: 2 | J91: Druide | K91: =VLOOKUP(H91,$B$3:$D$115,3,FALSE) -> 5 | M91: =IF(P91=J91,H91,) -> 0 | N91: =VLOOKUP(M91,H91:J148,2,FALSE) -> #N/A | O91: =VLOOKUP(M91,H91:J148,2,FALSE) -> #N/A | P91: ='Nom du personnage'!$U$51 -> 0
A92: Prêtre | B92: Résistance mentale | C92: 6 | D92: 1 | H92: Clairvoyance | I92: 5 | J92: Mage | K92: =VLOOKUP(H92,$B$3:$D$115,3,FALSE) -> 5 | M92: =IF(AND('Nom du personnage'!$U$51=Compétences!J92,Religion!$D$29=TRUE),Compétences!H92,0) -> 0 | N92: =VLOOKUP(M92,H92:J149,2,FALSE) -> #N/A | O92: =VLOOKUP(M92,H92:J149,2,FALSE) -> #N/A | P92: ='Nom du personnage'!$U$51 -> 0
A93: Prêtre | B93: Restauration | C93: 6 | D93: 5 | H93: Endurance naturelle à la magie | I93: 6 | J93: Mage | K93: =VLOOKUP(H93,$B$3:$D$115,3,FALSE) -> 5 | M93: =IF(P93=J93,H93,) -> 0 | N93: =VLOOKUP(M93,H93:J150,2,FALSE) -> #N/A | O93: =VLOOKUP(M93,H93:J150,2,FALSE) -> #N/A | P93: ='Nom du personnage'!$U$51 -> 0
A94: Prêtre | B94: Talisman | C94: 5 | D94: 1 | H94: Fatigue atténuée | I94: 6 | J94: Mage | K94: =VLOOKUP(H94,$B$3:$D$115,3,FALSE) -> 5 | M94: =IF(P94=J94,H94,) -> 0 | N94: =VLOOKUP(M94,H94:J151,2,FALSE) -> #N/A | O94: =VLOOKUP(M94,H94:J151,2,FALSE) -> #N/A | P94: ='Nom du personnage'!$U$51 -> 0
A95: Prêtre | B95: Talisman avancée | C95: 5 | D95: 5 | I95: 6 | J95: Mage | K95: =VLOOKUP(H95,$B$3:$D$115,3,FALSE) -> #N/A | M95: =IF(P95=J95,H95,) -> 0 | N95: =VLOOKUP(M95,H95:J152,2,FALSE) -> #N/A | O95: =VLOOKUP(M95,H95:J152,2,FALSE) -> #N/A | P95: ='Nom du personnage'!$U$51 -> 0
A96: Prêtre | B96: Transfert de vitalité en mana | C96: 2 | D96: 5 | H96: Haute magie | I96: 3 | J96: Mage | K96: =VLOOKUP(H96,$B$3:$D$115,3,FALSE) -> 1 | M96: =IF(P96=J96,H96,) -> 0 | N96: =VLOOKUP(M96,H96:J153,2,FALSE) -> #N/A | O96: =VLOOKUP(M96,H96:J153,2,FALSE) -> #N/A | P96: ='Nom du personnage'!$U$51 -> 0
A97: Roublard | B97: Attaque sournoise | C97: 4 | D97: 5 | H97: Magie brutale | I97: 5 | J97: Mage | K97: =VLOOKUP(H97,$B$3:$D$115,3,FALSE) -> 1 | M97: =IF(P97=J97,H97,) -> 0 | N97: =VLOOKUP(M97,H97:J153,2,FALSE) -> #N/A | O97: =VLOOKUP(M97,H97:J153,2,FALSE) -> #N/A | P97: ='Nom du personnage'!$U$51 -> 0
A98: Roublard | B98: Crochetage | C98: 5 | D98: 5 | H98: Poudre de Morphée | I98: 3 | J98: Mage | K98: =VLOOKUP(H98,$B$3:$D$115,3,FALSE) -> 1 | M98: =IF(P98=J98,H98,) -> 0 | N98: =VLOOKUP(M98,H98:J154,2,FALSE) -> #N/A | O98: =VLOOKUP(M98,H98:J154,2,FALSE) -> #N/A | P98: ='Nom du personnage'!$U$51 -> 0
A99: Roublard | B99: Déguisement | C99: 4 | D99: 5 | H99: Renvoi de sort | I99: 6 | J99: Mage | K99: =VLOOKUP(H99,$B$3:$D$115,3,FALSE) -> 5 | M99: {=IF(AND('Nom du personnage'!$U$51=Compétences!J99,OR('Nom du personnage'!$C$65:$L$85=Compétences!$H$86,'Nom du personnage'!$Q$65:$Z$85=Compétences!$H$86,'Nom du personnage'!$C$65:$L$85=Compétences!$H$1035,'Nom du personnage'!$Q$65:$Z$85=Compétences!$H$1035,'Nom du personnage'!$C$65:$L$85=Compétences!$H$1037,'Nom du personnage'!$Q$65:$Z$85=Compétences!$H$1037,'Nom du personnage'!$C$65:$L$85=Compétences!$H$1045,'Nom du personnage'!$Q$65:$Z$85=Compétences!$H$1045,'Nom du personnage'!$C$65:$L$85=Compétences!$H$1052,'Nom du personnage'!$Q$65:$Z$85=Compétences!$H$1052)),H99,0)} -> 0 | N99: =VLOOKUP(M99,H99:J155,2,FALSE) -> #N/A | O99: =VLOOKUP(M99,H99:J155,2,FALSE) -> #N/A | P99: ='Nom du personnage'!$U$51 -> 0
A100: Roublard | B100: Dissimulation d'objet | C100: 6 | D100: 5 | H100: Résistance contre un élément | I100: 5 | J100: Mage | K100: =VLOOKUP(H100,$B$3:$D$115,3,FALSE) -> 1 | M100: =IF(P100=J100,H100,) -> 0 | N100: =VLOOKUP(M100,H100:J156,2,FALSE) -> #N/A | O100: =VLOOKUP(M100,H100:J156,2,FALSE) -> #N/A | P100: ='Nom du personnage'!$U$51 -> 0
A101: Roublard | B101: Équilibre | C101: 6 | D101: 1 | H101: Résistance magique | I101: 6 | J101: Mage | K101: =VLOOKUP(H101,$B$3:$D$115,3,FALSE) -> 1 | M101: =IF(P101=J101,H101,) -> 0 | N101: =VLOOKUP(M101,H101:J157,2,FALSE) -> #N/A | O101: =VLOOKUP(M101,H101:J157,2,FALSE) -> #N/A | P101: ='Nom du personnage'!$U$51 -> 0
...

Sheet Bonus Humain
I1: < | J1: >
D3: Compétence | E3: Présent? | F3: Valeur | G3: Indisponnible | H3: Disponible
D4: Ambidexterie (Bonus Humain) | E4: {=AND(OR(D4='Nom du personnage'!$C$65:$L$85,D4='Nom du personnage'!$Q$65:$Z$84)=TRUE,D4<>0)} -> FALSE | F4: =+IF(E4=TRUE,1,0) -> 0 | G4: 0 | H4: =IF(AND('Nom du personnage'!$F$51=Données!$C$14,'Bonus Humain'!G4=0,OR('Bonus Humain'!F4=1,'Bonus Humain'!F4=2,2>'Bonus Humain'!$F$45)),1,0) -> 0
D5: Archerie (Bonus Humain) | E5: {=AND(OR(D5='Nom du personnage'!$C$65:$L$85,D5='Nom du personnage'!$Q$65:$Z$84)=TRUE,D5<>0)} -> FALSE | F5: =+IF(E5=TRUE,1,0) -> 0 | G5: 0 | H5: =IF(AND('Nom du personnage'!$F$51=Données!$C$14,'Bonus Humain'!G5=0,OR('Bonus Humain'!F5=1,'Bonus Humain'!F5=2,2>'Bonus Humain'!$F$45)),1,0) -> 0
D6: Archerie Arcane (Bonus Humain) | E6: {=AND(OR(D6='Nom du personnage'!$C$65:$L$85,D6='Nom du personnage'!$Q$65:$Z$84)=TRUE,D6<>0)} -> FALSE | F6: =+IF(E6=TRUE,1,0) -> 0 | G6: =IF(COUNTIF('Nom du personnage'!C66:AC85,Compétences!M4)>0,0,5) -> 5 | H6: =IF(AND('Nom du personnage'!$F$51=Données!$C$14,'Bonus Humain'!G6=0,OR('Bonus Humain'!F6=1,'Bonus Humain'!F6=2,2>'Bonus Humain'!$F$45)),1,0) -> 0
D7: Arme à feu (Bonus Humain) | E7: {=AND(OR(D7='Nom du personnage'!$C$65:$L$85,D7='Nom du personnage'!$Q$65:$Z$84)=TRUE,D7<>0)} -> FALSE | F7: =+IF(E7=TRUE,1,0) -> 0 | G7: 0 | H7: =IF(AND('Nom du personnage'!$F$51=Données!$C$14,'Bonus Humain'!G7=0,OR('Bonus Humain'!F7=1,'Bonus Humain'!F7=2,2>'Bonus Humain'!$F$45)),1,0) -> 0
D8: Arme de jet (Bonus Humain) | E8: {=AND(OR(D8='Nom du personnage'!$C$65:$L$85,D8='Nom du personnage'!$Q$65:$Z$84)=TRUE,D8<>0)} -> FALSE | F8: =+IF(E8=TRUE,1,0) -> 0 | G8: 0 | H8: =IF(AND('Nom du personnage'!$F$51=Données!$C$14,'Bonus Humain'!G8=0,OR('Bonus Humain'!F8=1,'Bonus Humain'!F8=2,2>'Bonus Humain'!$F$45)),1,0) -> 0
D9: Arme non conventionnelle - 2 mains (Bonus Humain) | E9: {=AND(OR(D9='Nom du personnage'!$C$65:$L$85,D9='Nom du personnage'!$Q$65:$Z$84)=TRUE,D9<>0)} -> FALSE | F9: =+IF(E9=TRUE,1,0) -> 0 | G9: 0 | H9: =IF(AND('Nom du personnage'!$F$51=Données!$C$14,'Bonus Humain'!G9=0,OR('Bonus Humain'!F9=1,'Bonus Humain'!F9=2,2>'Bonus Humain'!$F$45)),1,0) -> 0
D10: Arme non conventionnelle - Colossale (Bonus Humain) | E10: {=AND(OR(D10='Nom du personnage'!$C$65:$L$85,D10='Nom du personnage'!$Q$65:$Z$84)=TRUE,D10<>0)} -> FALSE | F10: =+IF(E10=TRUE,1,0) -> 0 | G10: =IF(IF(COUNTIF('Nom du personnage'!C66:AC85,Compétences!M8)>0,Compétences!H9,0)=0,5,0) -> 5 | H10: =IF(AND('Nom du personnage'!$F$51=Données!$C$14,'Bonus Humain'!G10=0,OR('Bonus Humain'!F10=1,'Bonus Humain'!F10=2,2>'Bonus Humain'!$F$45)),1,0) -> 0
D11: Art Mystique (Bonus Humain) | E11: {=AND(OR(D11='Nom du personnage'!$C$65:$L$85,D11='Nom du personnage'!$Q$65:$Z$84)=TRUE,D11<>0)} -> FALSE | F11: =+IF(E11=TRUE,1,0) -> 0 | G11: =IF(IF('Compétences raciales + carrière'!B36>0,Compétences!H10,0)=0,5,0) -> 5 | H11: =IF(AND('Nom du personnage'!$F$51=Données!$C$14,'Bonus Humain'!G11=0,OR('Bonus Humain'!F11=1,'Bonus Humain'!F11=2,2>'Bonus Humain'!$F$45)),1,0) -> 0
D12: Bâton de pouvoir (Bonus Humain) | E12: {=AND(OR(D12='Nom du personnage'!$C$65:$L$85,D12='Nom du personnage'!$Q$65:$Z$84)=TRUE,D12<>0)} -> FALSE | F12: =+IF(E12=TRUE,1,0) -> 0 | G12: =IF(IF(ISERROR(IF(VLOOKUP('Nom du personnage'!$U$51,Données!P3:S30,2,FALSE)>0,Compétences!H11,0)=TRUE),0,IF(VLOOKUP('Nom du personnage'!$U$51,Données!P3:S30,2,FALSE)>0,Compétences!H11,0))=0,5,0) -> 5 | H12: =IF(AND('Nom du personnage'!$F$51=Données!$C$14,'Bonus Humain'!G12=0,OR('Bonus Humain'!F12=1,'Bonus Humain'!F12=2,2>'Bonus Humain'!$F$45)),1,0) -> 0
D13: Bouclier (Bonus Humain) | E13: {=AND(OR(D13='Nom du personnage'!$C$65:$L$85,D13='Nom du personnage'!$Q$65:$Z$84)=TRUE,D13<>0)} -> FALSE | F13: =+IF(E13=TRUE,1,0) -> 0 | G13: 0 | H13: =IF(AND('Nom du personnage'!$F$51=Données!$C$14,'Bonus Humain'!G13=0,OR('Bonus Humain'!F13=1,'Bonus Humain'!F13=2,2>'Bonus Humain'!$F$45)),1,0) -> 0
D14: Bravoure (Bonus Humain) | E14: {=AND(OR(D14='Nom du personnage'!$C$65:$L$85,D14='Nom du personnage'!$Q$65:$Z$84)=TRUE,D14<>0)} -> FALSE | F14: =+IF(E14=TRUE,1,0) -> 0 | G14: 0 | H14: =IF(AND('Nom du personnage'!$F$51=Données!$C$14,'Bonus Humain'!G14=0,OR('Bonus Humain'!F14=1,'Bonus Humain'!F14=2,2>'Bonus Humain'!$F$45)),1,0) -> 0
D15: Charognard (Bonus Humain) | E15: {=AND(OR(D15='Nom du personnage'!$C$65:$L$85,D15='Nom du personnage'!$Q$65:$Z$84)=TRUE,D15<>0)} -> FALSE | F15: =+IF(E15=TRUE,1,0) -> 0 | G15: =IF(IF('Compétences raciales + carrière'!B29=1,Compétences!H14,0)=0,5,0) -> 5 | H15: =IF(AND('Nom du personnage'!$F$51=Données!$C$14,'Bonus Humain'!G15=0,OR('Bonus Humain'!F15=1,'Bonus Humain'!F15=2,2>'Bonus Humain'!$F$45)),1,0) -> 0
D16: Concoction : Herboristerie (Bonus Humain) | E16: {=AND(OR(D16='Nom du personnage'!$C$65:$L$85,D16='Nom du personnage'!$Q$65:$Z$84)=TRUE,D16<>0)} -> FALSE | F16: =+IF(E16=TRUE,1,0) -> 0 | G16: =IF(Concoction!J20=0,5,0) -> 5 | H16: =IF(AND('Nom du personnage'!$F$51=Données!$C$14,'Bonus Humain'!G16=0,OR('Bonus Humain'!F16=1,'Bonus Humain'!F16=2,2>'Bonus Humain'!$F$45)),1,0) -> 0
D17: Concoction : Alchimie (Bonus Humain) | E17: {=AND(OR(D17='Nom du personnage'!$C$65:$L$85,D17='Nom du personnage'!$Q$65:$Z$84)=TRUE,D17<>0)} -> FALSE | F17: =+IF(E17=TRUE,1,0) -> 0 | G17: =IF(Concoction!J21=0,5,0) -> 5 | H17: =IF(AND('Nom du personnage'!$F$51=Données!$C$14,'Bonus Humain'!G17=0,OR('Bonus Humain'!F17=1,'Bonus Humain'!F17=2,2>'Bonus Humain'!$F$45)),1,0) -> 0
D18: Concoction : Toxicologie (Bonus Humain) | E18: {=AND(OR(D18='Nom du personnage'!$C$65:$L$85,D18='Nom du personnage'!$Q$65:$Z$84)=TRUE,D18<>0)} -> FALSE | F18: =+IF(E18=TRUE,1,0) -> 0 | G18: =IF(Concoction!J22=0,5,0) -> 5 | H18: =IF(AND('Nom du personnage'!$F$51=Données!$C$14,'Bonus Humain'!G18=0,OR('Bonus Humain'!F18=1,'Bonus Humain'!F18=2,2>'Bonus Humain'!$F$45)),1,0) -> 0
D19: Endurance Simple (Bonus Humain) | E19: {=AND(OR(D19='Nom du personnage'!$C$65:$L$85,D19='Nom du personnage'!$Q$65:$Z$84)=TRUE,D19<>0)} -> FALSE | F19: =+IF(E19=TRUE,1,0) -> 0 | G19: 0 | H19: =IF(AND('Nom du personnage'!$F$51=Données!$C$14,'Bonus Humain'!G19=0,OR('Bonus Humain'!F19=1,'Bonus Humain'!F19=2,2>'Bonus Humain'!$F$45)),1,0) -> 0
D20: Forge (Bonus Humain) | E20: {=AND(OR(D20='Nom du personnage'!$C$65:$L$85,D20='Nom du personnage'!$Q$65:$Z$84)=TRUE,D20<>0)} -> FALSE | F20: =+IF(E20=TRUE,1,0) -> 0 | G20: 0 | H20: =IF(AND('Nom du personnage'!$F$51=Données!$C$14,'Bonus Humain'!G20=0,OR('Bonus Humain'!F20=1,'Bonus Humain'!F20=2,2>'Bonus Humain'!$F$45)),1,0) -> 0
D21: Héraldique (Bonus Humain) | E21: {=AND(OR(D21='Nom du personnage'!$C$65:$L$85,D21='Nom du personnage'!$Q$65:$Z$84)=TRUE,D21<>0)} -> FALSE | F21: =+IF(E21=TRUE,1,0) -> 0 | G21: 0 | H21: 0
D22: Invocation Guerrière (Bonus Humain) | E22: {=AND(OR(D22='Nom du personnage'!$C$65:$L$85,D22='Nom du personnage'!$Q$65:$Z$84)=TRUE,D22<>0)} -> FALSE | F22: =+IF(E22=TRUE,1,0) -> 0 | G22: =IF(AND('Nom du personnage'!$S$60>0,ISTEXT('Nom du personnage'!$F$54))=FALSE,5,0) -> #N/A | H22: =IF(AND('Nom du personnage'!$F$51=Données!$C$14,'Bonus Humain'!G22=0,OR('Bonus Humain'!F22=1,'Bonus Humain'!F22=2,2>'Bonus Humain'!$F$45)),1,0) -> #N/A
D23: Lecture et écriture - Commun (Bonus Humain) | E23: {=AND(OR(D23='Nom du personnage'!$C$65:$L$85,D23='Nom du personnage'!$Q$65:$Z$84)=TRUE,D23<>0)} -> FALSE | F23: =+IF(E23=TRUE,1,0) -> 0 | G23: =IF(+'Lecture et écriture'!AS4=0,5,0) -> 0 | H23: =IF(AND('Nom du personnage'!$F$51=Données!$C$14,'Bonus Humain'!G23=0,OR('Bonus Humain'!F23=1,'Bonus Humain'!F23=2,2>'Bonus Humain'!$F$45)),1,0) -> 0
D24: Lecture et écriture - Elfique (Bonus Humain) | E24: {=AND(OR(D24='Nom du personnage'!$C$65:$L$85,D24='Nom du personnage'!$Q$65:$Z$84)=TRUE,D24<>0)} -> FALSE | F24: =+IF(E24=TRUE,1,0) -> 0 | G24: =IF(+'Lecture et écriture'!AS5=0,5,0) -> 0 | H24: =IF(AND('Nom du personnage'!$F$51=Données!$C$14,'Bonus Humain'!G24=0,OR('Bonus Humain'!F24=1,'Bonus Humain'!F24=2,2>'Bonus Humain'!$F$45)),1,0) -> 0
D25: Lecture et écriture - Rakuzan (Bonus Humain) | E25: {=AND(OR(D25='Nom du personnage'!$C$65:$L$85,D25='Nom du personnage'!$Q$65:$Z$84)=TRUE,D25<>0)} -> FALSE | F25: =+IF(E25=TRUE,1,0) -> 0 | G25: =IF(+'Lecture et écriture'!AS6=0,5,0) -> 0 | H25: =IF(AND('Nom du personnage'!$F$51=Données!$C$14,'Bonus Humain'!G25=0,OR('Bonus Humain'!F25=1,'Bonus Humain'!F25=2,2>'Bonus Humain'!$F$45)),1,0) -> 0
D26: Lecture et écriture - Infernal (Bonus Humain) | E26: {=AND(OR(D26='Nom du personnage'!$C$65:$L$85,D26='Nom du personnage'!$Q$65:$Z$84)=TRUE,D26<>0)} -> FALSE | F26: =+IF(E26=TRUE,1,0) -> 0 | G26: =IF(+'Lecture et écriture'!AS7=0,5,0) -> 0 | H26: =IF(AND('Nom du personnage'!$F$51=Données!$C$14,'Bonus Humain'!G26=0,OR('Bonus Humain'!F26=1,'Bonus Humain'!F26=2,2>'Bonus Humain'!$F$45)),1,0) -> 0
D27: Lecture et écriture - Céleste (Bonus Humain) | E27: {=AND(OR(D27='Nom du personnage'!$C$65:$L$85,D27='Nom du personnage'!$Q$65:$Z$84)=TRUE,D27<>0)} -> FALSE | F27: =+IF(E27=TRUE,1,0) -> 0 | G27: =IF(+'Lecture et écriture'!AS8=0,5,0) -> 0 | H27: =IF(AND('Nom du personnage'!$F$51=Données!$C$14,'Bonus Humain'!G27=0,OR('Bonus Humain'!F27=1,'Bonus Humain'!F27=2,2>'Bonus Humain'!$F$45)),1,0) -> 0
D28: Lecture et écriture - Outremonde (Bonus Humain) | E28: {=AND(OR(D28='Nom du personnage'!$C$65:$L$85,D28='Nom du personnage'!$Q$65:$Z$84)=TRUE,D28<>0)} -> FALSE | F28: =+IF(E28=TRUE,1,0) -> 0 | G28: =IF(+'Lecture et écriture'!AS9=0,5,0) -> 0 | H28: =IF(AND('Nom du personnage'!$F$51=Données!$C$14,'Bonus Humain'!G28=0,OR('Bonus Humain'!F28=1,'Bonus Humain'!F28=2,2>'Bonus Humain'!$F$45)),1,0) -> 0
D29: Lecture et écriture - Vermilangue (Bonus Humain) | E29: {=AND(OR(D29='Nom du personnage'!$C$65:$L$85,D29='Nom du personnage'!$Q$65:$Z$84)=TRUE,D29<>0)} -> FALSE | F29: =+IF(E29=TRUE,1,0) -> 0 | G29: =IF(+'Lecture et écriture'!AS10=0,5,0) -> 0 | H29: =IF(AND('Nom du personnage'!$F$51=Données!$C$14,'Bonus Humain'!G29=0,OR('Bonus Humain'!F29=1,'Bonus Humain'!F29=2,2>'Bonus Humain'!$F$45)),1,0) -> 0
D30: Lecture et écriture - Orque (Bonus Humain) | E30: {=AND(OR(D30='Nom du personnage'!$C$65:$L$85,D30='Nom du personnage'!$Q$65:$Z$84)=TRUE,D30<>0)} -> FALSE | F30: =+IF(E30=TRUE,1,0) -> 0 | G30: =IF(+'Lecture et écriture'!AS11=0,5,0) -> 0 | H30: =IF(AND('Nom du personnage'!$F$51=Données!$C$14,'Bonus Humain'!G30=0,OR('Bonus Humain'!F30=1,'Bonus Humain'!F30=2,2>'Bonus Humain'!$F$45)),1,0) -> 0
D31: Lecture et écriture - Arcane (Bonus Humain) | E31: {=AND(OR(D31='Nom du personnage'!$C$65:$L$85,D31='Nom du personnage'!$Q$65:$Z$84)=TRUE,D31<>0)} -> FALSE | F31: =+IF(E31=TRUE,1,0) -> 0 | G31: =IF(+'Lecture et écriture'!AS12=0,5,0) -> 0 | H31: =IF(AND('Nom du personnage'!$F$51=Données!$C$14,'Bonus Humain'!G31=0,OR('Bonus Humain'!F31=1,'Bonus Humain'!F31=2,2>'Bonus Humain'!$F$45)),1,0) -> 0
D32: Lecture et écriture - Arborique (Bonus Humain) | E32: {=AND(OR(D32='Nom du personnage'!$C$65:$L$85,D32='Nom du personnage'!$Q$65:$Z$84)=TRUE,D32<>0)} -> FALSE | F32: =+IF(E32=TRUE,1,0) -> 0 | G32: =IF(+'Lecture et écriture'!AS13=0,5,0) -> 0 | H32: =IF(AND('Nom du personnage'!$F$51=Données!$C$14,'Bonus Humain'!G32=0,OR('Bonus Humain'!F32=1,'Bonus Humain'!F32=2,2>'Bonus Humain'!$F$45)),1,0) -> 0
D33: Lecture et écriture - Runique (Bonus Humain) | E33: {=AND(OR(D33='Nom du personnage'!$C$65:$L$85,D33='Nom du personnage'!$Q$65:$Z$84)=TRUE,D33<>0)} -> FALSE | F33: =+IF(E33=TRUE,1,0) -> 0 | G33: =IF(+'Lecture et écriture'!AS14=0,5,0) -> 0 | H33: =IF(AND('Nom du personnage'!$F$51=Données!$C$14,'Bonus Humain'!G33=0,OR('Bonus Humain'!F33=1,'Bonus Humain'!F33=2,2>'Bonus Humain'!$F$45)),1,0) -> 0
D34: Lecture et écriture - Sylvestre (Bonus Humain) | E34: {=AND(OR(D34='Nom du personnage'!$C$65:$L$85,D34='Nom du personnage'!$Q$65:$Z$84)=TRUE,D34<>0)} -> FALSE | F34: =+IF(E34=TRUE,1,0) -> 0 | G34: =IF(+'Lecture et écriture'!AS15=0,5,0) -> 0 | H34: =IF(AND('Nom du personnage'!$F$51=Données!$C$14,'Bonus Humain'!G34=0,OR('Bonus Humain'!F34=1,'Bonus Humain'!F34=2,2>'Bonus Humain'!$F$45)),1,0) -> 0
D35: Mulet de bataille (Bonus Humain) | E35: {=AND(OR(D35='Nom du personnage'!$C$65:$L$85,D35='Nom du personnage'!$Q$65:$Z$84)=TRUE,D35<>0)} -> FALSE | F35: =+IF(E35=TRUE,1,0) -> 0 | G35: 0 | H35: =IF(AND('Nom du personnage'!$F$51=Données!$C$14,'Bonus Humain'!G35=0,OR('Bonus Humain'!F35=1,'Bonus Humain'!F35=2,2>'Bonus Humain'!$F$45)),1,0) -> 0
D36: Noblesse (Bonus Humain) | E36: {=AND(OR(D36='Nom du personnage'!$C$65:$L$85,D36='Nom du personnage'!$Q$65:$Z$84)=TRUE,D36<>0)} -> FALSE | F36: =+IF(E36=TRUE,1,0) -> 0 | G36: 0 | H36: =IF(AND('Nom du personnage'!$F$51=Données!$C$14,'Bonus Humain'!G36=0,OR('Bonus Humain'!F36=1,'Bonus Humain'!F36=2,2>'Bonus Humain'!$F$45)),1,0) -> 0
D37: Peinture des Morts (Bonus Humain) | E37: {=AND(OR(D37='Nom du personnage'!$C$65:$L$85,D37='Nom du personnage'!$Q$65:$Z$84)=TRUE,D37<>0)} -> FALSE | F37: =+IF(E37=TRUE,1,0) -> 0 | G37: =IF(OR('Nom du personnage'!E91=Magie!B123,'Nom du personnage'!E91=Magie!B124,'Nom du personnage'!E91=Magie!B125,'Nom du personnage'!S91=Magie!B123,'Nom du personnage'!S91=Magie!B124,'Nom du personnage'!S91=Magie!B125)=TRUE,0,5) -> 5 | H37: =IF(AND('Nom du personnage'!$F$51=Données!$C$14,'Bonus Humain'!G37=0,OR('Bonus Humain'!F37=1,'Bonus Humain'!F37=2,2>'Bonus Humain'!$F$45)),1,0) -> 0
D38: Rage animale (Bonus Humain) | E38: {=AND(OR(D38='Nom du personnage'!$C$65:$L$85,D38='Nom du personnage'!$Q$65:$Z$84)=TRUE,D38<>0)} -> FALSE | F38: =+IF(E38=TRUE,1,0) -> 0 | G38: =IF('Compétences raciales + carrière'!B14=1,0,5) -> 5 | H38: =IF(AND('Nom du personnage'!$F$51=Données!$C$14,'Bonus Humain'!G38=0,OR('Bonus Humain'!F38=1,'Bonus Humain'!F38=2,2>'Bonus Humain'!$F$45)),1,0) -> 0
D39: Religion (Bonus Humain) | E39: {=AND(OR(D39='Nom du personnage'!$C$65:$L$85,D39='Nom du personnage'!$Q$65:$Z$84)=TRUE,D39<>0)} -> FALSE | F39: =+IF(E39=TRUE,1,0) -> 0 | G39: =IF(Religion!F22=1,5,Compétences!H38) -> Religion | H39: =IF(AND('Nom du personnage'!$F$51=Données!$C$14,'Bonus Humain'!G39=0,OR('Bonus Humain'!F39=1,'Bonus Humain'!F39=2,2>'Bonus Humain'!$F$45)),1,0) -> 0
D40: Résistance à l'alcool (Bonus Humain) | E40: {=AND(OR(D40='Nom du personnage'!$C$65:$L$85,D40='Nom du personnage'!$Q$65:$Z$84)=TRUE,D40<>0)} -> FALSE | F40: =+IF(E40=TRUE,1,0) -> 0 | G40: 0 | H40: =IF(AND('Nom du personnage'!$F$51=Données!$C$14,'Bonus Humain'!G40=0,OR('Bonus Humain'!F40=1,'Bonus Humain'!F40=2,2>'Bonus Humain'!$F$45)),1,0) -> 0
D41: Résistance aux maladies (Bonus Humain) | E41: {=AND(OR(D41='Nom du personnage'!$C$65:$L$85,D41='Nom du personnage'!$Q$65:$Z$84)=TRUE,D41<>0)} -> FALSE | F41: =+IF(E41=TRUE,1,0) -> 0 | G41: 0 | H41: =IF(AND('Nom du personnage'!$F$51=Données!$C$14,'Bonus Humain'!G41=0,OR('Bonus Humain'!F41=1,'Bonus Humain'!F41=2,2>'Bonus Humain'!$F$45)),1,0) -> 0
D42: Rituel (Bonus Humain) | E42: {=AND(OR(D42='Nom du personnage'!$C$65:$L$85,D42='Nom du personnage'!$Q$65:$Z$84)=TRUE,D42<>0)} -> FALSE | F42: =+IF(E42=TRUE,1,0) -> 0 | G42: =IF(AND(Religion!D29=TRUE,'Lecture et écriture'!G99=TRUE),0,5) -> 5 | H42: =IF(AND('Nom du personnage'!$F$51=Données!$C$14,'Bonus Humain'!G42=0,OR('Bonus Humain'!F42=1,'Bonus Humain'!F42=2,2>'Bonus Humain'!$F$45)),1,0) -> 0
D43: Sang impur (Bonus Humain) | E43: {=AND(OR(D43='Nom du personnage'!$C$65:$L$85,D43='Nom du personnage'!$Q$65:$Z$84)=TRUE,D43<>0)} -> FALSE | F43: =+IF(E43=TRUE,1,0) -> 0 | G43: =IF(OR(AND(Religion!D29=TRUE,'Nom du personnage'!F60=Données!N5)=TRUE,OR('Nom du personnage'!F51=Données!C18,'Nom du personnage'!F51=Données!C19,'Nom du personnage'!F51=Données!C32,'Nom du personnage'!F51=Données!C7)=TRUE),0,5) -> 5 | H43: =IF(AND('Nom du personnage'!$F$51=Données!$C$14,'Bonus Humain'!G43=0,OR('Bonus Humain'!F43=1,'Bonus Humain'!F43=2,2>'Bonus Humain'!$F$45)),1,0) -> 0
D44: Sang pur (Bonus Humain) | E44: {=AND(OR(D44='Nom du personnage'!$C$65:$L$85,D44='Nom du personnage'!$Q$65:$Z$84)=TRUE,D44<>0)} -> FALSE | F44: =+IF(E44=TRUE,1,0) -> 0 | G44: =IF(AND(Religion!D29=TRUE,'Nom du personnage'!F60=Données!N3),0,5) -> 5 | H44: =IF(AND('Nom du personnage'!$F$51=Données!$C$14,'Bonus Humain'!G44=0,OR('Bonus Humain'!F44=1,'Bonus Humain'!F44=2,2>'Bonus Humain'!$F$45)),1,0) -> 0
F45: =+SUM(F4:F44) -> 0

Sheet Contact marchand
A1: ='Nom du personnage'!U51 -> 0
E2: Marchand | F2: Autre | G2: Touche à tout
A3: Contact Marchand - Mineur | B3: 5 | C3: {=OR('Nom du personnage'!$C$65:$L$85='Contact marchand'!A3,'Nom du personnage'!$Q$65:$Z$85='Contact marchand'!A3)} -> FALSE | D3: =IF(C3=TRUE,1,0) -> 0 | E3: =IF(AND($A$1=$E$2,SUMIF($D$3:$D$9,1,$D$3:$D$9)<3),A3,IF(AND($A$1=$E$2,D3=1),A3,0)) -> 0 | F3: =IF(AND($A$1<>$E$2,SUMIF($D$3:$D$9,1,$D$3:$D$9)=0),A3,IF(AND($A$1<>$E$2,D3=1),A3,0)) -> Contact Marchand - Mineur | G3: =IF(AND($A$1<>$E$2,SUMIF($D$10:$D$16,1,$D$10:$D$16)=0),A13,IF(AND($A$1<>$E$2,D13=1),A13,0)) -> Touche à tout - Contact Marchand - Brasseur
A4: Contact Marchand - Druide | B4: 5 | C4: {=OR('Nom du personnage'!$C$65:$L$85='Contact marchand'!A4,'Nom du personnage'!$Q$65:$Z$85='Contact marchand'!A4)} -> FALSE | D4: =IF(C4=TRUE,1,0) -> 0 | E4: =IF(AND($A$1=$E$2,SUMIF($D$3:$D$9,1,$D$3:$D$9)<3),A4,IF(AND($A$1=$E$2,D4=1),A4,0)) -> 0 | F4: =IF(AND($A$1<>$E$2,SUMIF($D$3:$D$9,1,$D$3:$D$9)=0),A4,IF(AND($A$1<>$E$2,D4=1),A4,0)) -> Contact Marchand - Druide | G4: =IF(AND($A$1<>$E$2,SUMIF($D$10:$D$16,1,$D$10:$D$16)=0),A14,IF(AND($A$1<>$E$2,D14=1),A14,0)) -> Touche à tout - Contact Marchand - Commanditaire
A5: Contact Marchand - Brasseur | B5: 5 | C5: {=OR('Nom du personnage'!$C$65:$L$85='Contact marchand'!A5,'Nom du personnage'!$Q$65:$Z$85='Contact marchand'!A5)} -> FALSE | D5: =IF(C5=TRUE,1,0) -> 0 | E5: =IF(AND($A$1=$E$2,SUMIF($D$3:$D$9,1,$D$3:$D$9)<3),A5,IF(AND($A$1=$E$2,D5=1),A5,0)) -> 0 | F5: =IF(AND($A$1<>$E$2,SUMIF($D$3:$D$9,1,$D$3:$D$9)=0),A5,IF(AND($A$1<>$E$2,D5=1),A5,0)) -> Contact Marchand - Brasseur | G5: =IF(AND($A$1<>$E$2,SUMIF($D$10:$D$16,1,$D$10:$D$16)=0),A15,IF(AND($A$1<>$E$2,D15=1),A15,0)) -> Touche à tout - Contact Marchand - Druide
A6: Contact Marchand - Forgeron | B6: 5 | C6: {=OR('Nom du personnage'!$C$65:$L$85='Contact marchand'!A6,'Nom du personnage'!$Q$65:$Z$85='Contact marchand'!A6)} -> FALSE | D6: =IF(C6=TRUE,1,0) -> 0 | E6: =IF(AND($A$1=$E$2,SUMIF($D$3:$D$9,1,$D$3:$D$9)<3),A6,IF(AND($A$1=$E$2,D6=1),A6,0)) -> 0 | F6: =IF(AND($A$1<>$E$2,SUMIF($D$3:$D$9,1,$D$3:$D$9)=0),A6,IF(AND($A$1<>$E$2,D6=1),A6,0)) -> Contact Marchand - Forgeron | G6: =IF(AND($A$1<>$E$2,SUMIF($D$10:$D$16,1,$D$10:$D$16)=0),A16,IF(AND($A$1<>$E$2,D16=1),A16,0)) -> Touche à tout - Contact Marchand - Forgeron
A7: Contact Marchand - Scribe | B7: 6 | C7: {=OR('Nom du personnage'!$C$65:$L$85='Contact marchand'!A7,'Nom du personnage'!$Q$65:$Z$85='Contact marchand'!A7)} -> FALSE | D7: =IF(C7=TRUE,1,0) -> 0 | E7: =IF(AND($A$1=$E$2,SUMIF($D$3:$D$9,1,$D$3:$D$9)<3),A7,IF(AND($A$1=$E$2,D7=1),A7,0)) -> 0 | F7: =IF(AND($A$1<>$E$2,SUMIF($D$3:$D$9,1,$D$3:$D$9)=0),A7,IF(AND($A$1<>$E$2,D7=1),A7,0)) -> Contact Marchand - Scribe | G7: =IF(AND($A$1<>$E$2,SUMIF($D$10:$D$16,1,$D$10:$D$16)=0),A10,IF(AND($A$1<>$E$2,D10=1),A10,0)) -> Touche à tout - Contact Marchand - Mineur
A8: Contact Marchand - Sorcier | B8: 10 | C8: {=OR('Nom du personnage'!$C$65:$L$85='Contact marchand'!A8,'Nom du personnage'!$Q$65:$Z$85='Contact marchand'!A8)} -> FALSE | D8: =IF(C8=TRUE,1,0) -> 0 | E8: =IF(AND($A$1=$E$2,SUMIF($D$3:$D$9,1,$D$3:$D$9)<3),A8,IF(AND($A$1=$E$2,D8=1),A8,0)) -> 0 | F8: =IF(AND($A$1<>$E$2,SUMIF($D$3:$D$9,1,$D$3:$D$9)=0),A8,IF(AND($A$1<>$E$2,D8=1),A8,0)) -> Contact Marchand - Sorcier | G8: =IF(AND($A$1<>$E$2,SUMIF($D$10:$D$16,1,$D$10:$D$16)=0),A11,IF(AND($A$1<>$E$2,D11=1),A11,0)) -> Touche à tout - Contact Marchand - Scribe
A9: Contact Marchand - Commanditaire | B9: 10 | C9: {=OR('Nom du personnage'!$C$65:$L$85='Contact marchand'!A9,'Nom du personnage'!$Q$65:$Z$85='Contact marchand'!A9)} -> FALSE | D9: =IF(C9=TRUE,1,0) -> 0 | E9: =IF(AND($A$1=$E$2,SUMIF($D$3:$D$9,1,$D$3:$D$9)<3),A9,IF(AND($A$1=$E$2,D9=1),A9,0)) -> 0 | F9: =IF(AND($A$1<>$E$2,SUMIF($D$3:$D$9,1,$D$3:$D$9)=0),A9,IF(AND($A$1<>$E$2,D9=1),A9,0)) -> Contact Marchand - Commanditaire | G9: =IF(AND($A$1<>$E$2,SUMIF($D$10:$D$16,1,$D$10:$D$16)=0),A12,IF(AND($A$1<>$E$2,D12=1),A12,0)) -> Touche à tout - Contact Marchand - Sorcier
A10: Touche à tout - Contact Marchand - Mineur | B10: 11 | C10: {=OR('Nom du personnage'!$C$65:$L$85='Contact marchand'!A10,'Nom du personnage'!$Q$65:$Z$85='Contact marchand'!A10)} -> FALSE | D10: =IF(C10=TRUE,1,0) -> 0
A11: Touche à tout - Contact Marchand - Scribe | B11: 12 | C11: {=OR('Nom du personnage'!$C$65:$L$85='Contact marchand'!A11,'Nom du personnage'!$Q$65:$Z$85='Contact marchand'!A11)} -> FALSE | D11: =IF(C11=TRUE,1,0) -> 0
A12: Touche à tout - Contact Marchand - Sorcier | B12: 16 | C12: {=OR('Nom du personnage'!$C$65:$L$85='Contact marchand'!A12,'Nom du personnage'!$Q$65:$Z$85='Contact marchand'!A12)} -> FALSE | D12: =IF(C12=TRUE,1,0) -> 0
A13: Touche à tout - Contact Marchand - Brasseur | B13: 11 | C13: {=OR('Nom du personnage'!$C$65:$L$85='Contact marchand'!A13,'Nom du personnage'!$Q$65:$Z$85='Contact marchand'!A13)} -> FALSE | D13: =IF(C13=TRUE,1,0) -> 0
A14: Touche à tout - Contact Marchand - Commanditaire | B14: 16 | C14: {=OR('Nom du personnage'!$C$65:$L$85='Contact marchand'!A14,'Nom du personnage'!$Q$65:$Z$85='Contact marchand'!A14)} -> FALSE | D14: =IF(C14=TRUE,1,0) -> 0
A15: Touche à tout - Contact Marchand - Druide | B15: 11 | C15: {=OR('Nom du personnage'!$C$65:$L$85='Contact marchand'!A15,'Nom du personnage'!$Q$65:$Z$85='Contact marchand'!A15)} -> FALSE | D15: =IF(C15=TRUE,1,0) -> 0
A16: Touche à tout - Contact Marchand - Forgeron | B16: 11 | C16: {=OR('Nom du personnage'!$C$65:$L$85='Contact marchand'!A16,'Nom du personnage'!$Q$65:$Z$85='Contact marchand'!A16)} -> FALSE | D16: =IF(C16=TRUE,1,0) -> 0
A17: Touche à tout - Contact Marchand - Mineur | B17: 11 | C17: {=OR('Nom du personnage'!$C$65:$L$85='Contact marchand'!A17,'Nom du personnage'!$Q$65:$Z$85='Contact marchand'!A17)} -> FALSE | D17: =IF(C17=TRUE,1,0) -> 0
A18: Touche à tout - Contact Marchand - Scribe | B18: 12 | C18: {=OR('Nom du personnage'!$C$65:$L$85='Contact marchand'!A18,'Nom du personnage'!$Q$65:$Z$85='Contact marchand'!A18)} -> FALSE | D18: =IF(C18=TRUE,1,0) -> 0
A19: Touche à tout - Contact Marchand - Sorcier | B19: 16 | C19: {=OR('Nom du personnage'!$C$65:$L$85='Contact marchand'!A19,'Nom du personnage'!$Q$65:$Z$85='Contact marchand'!A19)} -> FALSE | D19: =IF(C19=TRUE,1,0) -> 0

Sheet Lecture et écriture
A1: Demi-Elfe | C1: Lecture et écriture - Commun
A2: Elfe Gris | C2: Lecture et écriture - Elfique | E2: Mage | F2: Lecture et écriture - Commun (Bonus Mage) | G2: {=OR('Nom du personnage'!$C$65:$L$85='Lecture et écriture'!F2,'Nom du personnage'!$Q$65:$Z$85=F2)} -> FALSE | H2: D1 | I2: Mage | N2: =A15 -> Orque | R2: Bossu | S2: =A6 -> Elfe Sauvage | W2: =A18 -> Norde | AA2: Haut-Elfe | AE2: Elfe Gris | AI2: Demi-Elfe | AM2: =IF(AND('Nom du personnage'!F51<>'Lecture et écriture'!N2,'Nom du personnage'!F51<>'Lecture et écriture'!R2,'Nom du personnage'!F51<>'Lecture et écriture'!S2,'Nom du personnage'!F51<>'Lecture et écriture'!W2,'Nom du personnage'!F51<>'Lecture et écriture'!AA2,'Nom du personnage'!F51<>'Lecture et écriture'!AE2,'Nom du personnage'!F51<>'Lecture et écriture'!AI2),'Nom du personnage'!F51,FALSE) -> 0 | AR2: Lecture et écriture
A3: Elfe Lunaire | C3: Lecture et écriture - Rakuzan | E3: Barde | F3: Lecture et écriture - Commun (Bonus Barde) | G3: {=OR('Nom du personnage'!$C$65:$L$85='Lecture et écriture'!F3,'Nom du personnage'!$Q$65:$Z$85=F3)} -> FALSE | H3: E1 | I3: Barde | N3: Validation | O3: Compétences | P3: XPs | S3: Validation | T3: Compétences | U3: XPs | W3: Validation | X3: Compétences | Y3: XPs | AA3: Validation | AB3: Compétences | AC3: XPs | AE3: Validation | AF3: Compétences | AG3: XPs | AI3: Validation | AJ3: Compétences | AK3: XPs | AM3: Validation | AN3: Compétences | AO3: XPs | AR3: Validation | AS3: Compétence | AT3: XPs
A4: Elfe Noir | C4: Lecture et écriture - Infernal | E4: Charlatan | F4: Lecture et écriture - Commun (Bonus Charlatan) | G4: {=OR('Nom du personnage'!$C$65:$L$85='Lecture et écriture'!F4,'Nom du personnage'!$Q$65:$Z$85=F4)} -> FALSE | H4: F1 | I4: Charlatan | M4: Lecture et écriture - Commun | N4: =IF(OR('Nom du personnage'!U51=E2,'Nom du personnage'!U51=E3,'Nom du personnage'!U51=E4,'Nom du personnage'!U51=E5,'Nom du personnage'!U51=E6),VLOOKUP('Nom du personnage'!U51,'Lecture et écriture'!E2:I6,2,FALSE),FALSE) -> FALSE | O4: =IF(N4=FALSE,$M4,IF(Q4>=0,N4,$M4)) -> Lecture et écriture - Commun | P4: =IF(N4=O4,0,2) -> 2 | Q4: {=MIN(IF(OR('Nom du personnage'!$C$65:$L$85=N4,'Nom du personnage'!$Q$65:$Z$85=N4)=TRUE,1,IF(SUMIF($Q$4:$Q$15,1,$Q$4:$Q$15)=1,-1,0)))} -> 1 | R4: X | S4: X | W4: X | AA4: =IF(OR('Nom du personnage'!$U$51=E2,'Nom du personnage'!$U$51=E3,'Nom du personnage'!$U$51=E4,'Nom du personnage'!$U$51=E5,'Nom du personnage'!$U$51=E6),VLOOKUP('Nom du personnage'!$U$51,'Lecture et écriture'!E2:I6,2,FALSE),FALSE) -> FALSE | AB4: =IF(AA4=FALSE,$M4,IF(AD4>=0,AA4,$M4)) -> Lecture et écriture - Commun | AC4: =IF(AA4=AB4,0,2) -> 2 | AD4: {=MIN(IF(OR('Nom du personnage'!$C$65:$L$85=AA4,'Nom du personnage'!$Q$65:$Z$85=AA4)=TRUE,1,IF(SUMIF($AD$4:$AD$15,1,$AD$4:$AD$15)=1,-1,0)))} -> 1 | AE4: =IF(OR('Nom du personnage'!$U$51=E2,'Nom du personnage'!$U$51=E3,'Nom du personnage'!$U$51=E4,'Nom du personnage'!$U$51=E5,'Nom du personnage'!$U$51=E6),VLOOKUP('Nom du personnage'!$U$51,'Lecture et écriture'!E2:I6,2,FALSE),FALSE) -> FALSE | AF4: =IF(AE4=FALSE,$M4,IF(AH4>=0,AE4,F8)) -> Lecture et écriture - Commun | AG4: =IF(AE4=AF4,0,1) -> 1 | AH4: {=MIN(IF(OR('Nom du personnage'!$C$65:$L$85=AE4,'Nom du personnage'!$Q$65:$Z$85=AE4)=TRUE,1,IF(SUMIF($AH$4:$AH$15,1,$AH$4:$AH$15)=1,-1,0)))} -> 1 | AI4: =IF(OR('Nom du personnage'!$U$51=E2,'Nom du personnage'!$U$51=E3,'Nom du personnage'!$U$51=E4,'Nom du personnage'!$U$51=E5,'Nom du personnage'!$U$51=E6),VLOOKUP('Nom du personnage'!$U$51,'Lecture et écriture'!E2:I6,2,FALSE),FALSE) -> FALSE | AJ4: =IF(AI4=FALSE,$M4,IF(AL4>=0,AI4,$F7)) -> Lecture et écriture - Commun | AK4: =IF(AI4=AJ4,0,1) -> 1 | AL4: {=MIN(IF(OR('Nom du personnage'!$C$65:$L$85=AI4,'Nom du personnage'!$Q$65:$Z$85=AI4)=TRUE,1,IF(SUMIF($AL$4:$AL$15,1,$AL$4:$AL$15)=1,-1,0)))} -> 1 | AM4: =IF(OR('Nom du personnage'!U51=E2,'Nom du personnage'!U51=E3,'Nom du personnage'!U51=E4,'Nom du personnage'!U51=E5,'Nom du personnage'!U51=E6),VLOOKUP('Nom du personnage'!U51,'Lecture et écriture'!E2:I6,2,FALSE),FALSE) -> FALSE | AN4: =IF(AM4=FALSE,$M4,IF(AP4>=0,AM4,$M4)) -> Lecture et écriture - Commun | AO4: =IF(AM4=AN4,0,2) -> 2 | AP4: {=MIN(IF(OR('Nom du personnage'!$C$65:$L$85=AM4,'Nom du personnage'!$Q$65:$Z$85=AM4)=TRUE,1,IF(SUMIF($AP$4:$AP$15,1,$AP$4:$AP$15)=1,-1,0)))} -> 1 | AR4: Commun | AS4: =IF('Nom du personnage'!$F$51='Lecture et écriture'!$N$2,'Lecture et écriture'!O4,IF('Nom du personnage'!$F$51='Lecture et écriture'!$S$2,'Lecture et écriture'!T4,IF('Nom du personnage'!$F$51='Lecture et écriture'!$W$2,'Lecture et écriture'!X4,IF('Nom du personnage'!$F$51='Lecture et écriture'!$AA$2,'Lecture et écriture'!AB4,IF('Nom du personnage'!$F$51='Lecture et écriture'!$AE$2,'Lecture et écriture'!AF4,IF('Nom du personnage'!$F$51='Lecture et écriture'!$AI$2,'Lecture et écriture'!AJ4,IF('Nom du personnage'!$F$51='Lecture et écriture'!$AM$2,'Lecture et écriture'!AN4,IF('Nom du personnage'!$F$51=$R$2,"",FALSE)))))))) -> Lecture et écriture - Commun | AT4: =IF('Nom du personnage'!$F$51='Lecture et écriture'!$N$2,'Lecture et écriture'!P4,IF('Nom du personnage'!$F$51='Lecture et écriture'!$S$2,'Lecture et écriture'!U4,IF('Nom du personnage'!$F$51='Lecture et écriture'!$W$2,'Lecture et écriture'!Y4,IF('Nom du personnage'!$F$51='Lecture et écriture'!$AA$2,'Lecture et écriture'!AC4,IF('Nom du personnage'!$F$51='Lecture et écriture'!$AE$2,'Lecture et écriture'!AG4,IF('Nom du personnage'!$F$51='Lecture et écriture'!$AI$2,'Lecture et écriture'!AK4,IF('Nom du personnage'!$F$51='Lecture et écriture'!$AM$2,'Lecture et écriture'!AO4,IF('Nom du personnage'!$F$51=$R$2,0,FALSE)))))))) -> 2
A5: Elfe Sanguinaire | C5: Lecture et écriture - Céleste | E5: Sage | F5: Lecture et écriture - Commun (Bonus Sage) | G5: {=OR('Nom du personnage'!$C$65:$L$85='Lecture et écriture'!F5,'Nom du personnage'!$Q$65:$Z$85=F5)} -> FALSE | H5: G1 | I5: Sage | M5: Lecture et écriture - Elfique | N5: X | R5: X | S5: =IF(OR('Nom du personnage'!U51=E9,'Nom du personnage'!U51=E10,'Nom du personnage'!U51=E11,'Nom du personnage'!U51=E12,'Nom du personnage'!U51=E13),VLOOKUP('Nom du personnage'!U51,'Lecture et écriture'!E9:I13,2,FALSE),FALSE) -> FALSE | T5: =IF(S5=FALSE,$M5,IF(V5>=0,S5,$M5)) -> Lecture et écriture - Elfique | U5: =IF(S5=T5,0,2) -> 2 | V5: =SUMIF('Nom du personnage'!$C$65:$AC$85,'Lecture et écriture'!S5) -> 0 | W5: X | AA5: =F86 -> Lecture et écriture - Elfique (Bonus Haut Elfe) | AB5: =IF(AD5>=0,AA5,$M5) -> Lecture et écriture - Elfique (Bonus Haut Elfe) | AC5: 0 | AE5: =IF(OR('Nom du personnage'!U51=E9,'Nom du personnage'!U51=E10,'Nom du personnage'!U51=E11,'Nom du personnage'!U51=E12,'Nom du personnage'!U51=E13),VLOOKUP('Nom du personnage'!U51,'Lecture et écriture'!E9:I13,2,FALSE),FALSE) -> FALSE | AF5: =IF(AE5=FALSE,$M5,IF(AH5>=0,AE5,F15)) -> Lecture et écriture - Elfique | AG5: =IF(AE5=AF5,0,1) -> 1 | AH5: {=MIN(IF(OR('Nom du personnage'!$C$65:$L$85=AE5,'Nom du personnage'!$Q$65:$Z$85=AE5)=TRUE,1,IF(SUMIF($AH$4:$AH$15,1,$AH$4:$AH$15)=1,-1,0)))} -> 1 | AI5: =IF(OR('Nom du personnage'!U51=E9,'Nom du personnage'!U51=E10,'Nom du personnage'!U51=E11,'Nom du personnage'!U51=E12,'Nom du personnage'!U51=E13),VLOOKUP('Nom du personnage'!U51,'Lecture et écriture'!E9:I13,2,FALSE),FALSE) -> FALSE | AJ5: =IF(AI5=FALSE,$M5,IF(AL5>=0,AI5,$F14)) -> Lecture et écriture - Elfique | AK5: =IF(AI5=AJ5,0,1) -> 1 | AL5: {=MIN(IF(OR('Nom du personnage'!$C$65:$L$85=AI5,'Nom du personnage'!$Q$65:$Z$85=AI5)=TRUE,1,IF(SUMIF($AL$4:$AL$15,1,$AL$4:$AL$15)=1,-1,0)))} -> 1 | AM5: =IF(OR('Nom du personnage'!U51=E9,'Nom du personnage'!U51=E10,'Nom du personnage'!U51=E11,'Nom du personnage'!U51=E12,'Nom du personnage'!U51=E13),VLOOKUP('Nom du personnage'!U51,'Lecture et écriture'!E9:I13,2,FALSE),FALSE) -> FALSE | AN5: =IF(AM5=FALSE,$M5,IF(AP5>=0,AM5,$M5)) -> Lecture et écriture - Elfique | AO5: =IF(AM5=AN5,0,2) -> 2 | AP5: {=MIN(IF(OR('Nom du personnage'!$C$65:$L$85=AM5,'Nom du personnage'!$Q$65:$Z$85=AM5)=TRUE,1,IF(SUMIF($AP$4:$AP$15,1,$AP$4:$AP$15)=1,-1,0)))} -> 1 | AR5: Elfique | AS5: =IF('Nom du personnage'!$F$51='Lecture et écriture'!$N$2,'Lecture et écriture'!O5,IF('Nom du personnage'!$F$51='Lecture et écriture'!$S$2,'Lecture et écriture'!T5,IF('Nom du personnage'!$F$51='Lecture et écriture'!$W$2,'Lecture et écriture'!X5,IF('Nom du personnage'!$F$51='Lecture et écriture'!$AA$2,'Lecture et écriture'!AB5,IF('Nom du personnage'!$F$51='Lecture et écriture'!$AE$2,'Lecture et écriture'!AF5,IF('Nom du personnage'!$F$51='Lecture et écriture'!$AI$2,'Lecture et écriture'!AJ5,IF('Nom du personnage'!$F$51='Lecture et écriture'!$AM$2,'Lecture et écriture'!AN5,IF('Nom du personnage'!$F$51=$R$2,"",FALSE)))))))) -> Lecture et écriture - Elfique | AT5: =IF('Nom du personnage'!$F$51='Lecture et écriture'!$N$2,'Lecture et écriture'!P5,IF('Nom du personnage'!$F$51='Lecture et écriture'!$S$2,'Lecture et écriture'!U5,IF('Nom du personnage'!$F$51='Lecture et écriture'!$W$2,'Lecture et écriture'!Y5,IF('Nom du personnage'!$F$51='Lecture et écriture'!$AA$2,'Lecture et écriture'!AC5,IF('Nom du personnage'!$F$51='Lecture et écriture'!$AE$2,'Lecture et écriture'!AG5,IF('Nom du personnage'!$F$51='Lecture et écriture'!$AI$2,'Lecture et écriture'!AK5,IF('Nom du personnage'!$F$51='Lecture et écriture'!$AM$2,'Lecture et écriture'!AO5,IF('Nom du personnage'!$F$51=$R$2,0,FALSE)))))))) -> 2
A6: Elfe Sauvage | C6: Lecture et écriture - Outremonde | E6: Scribe | F6: Lecture et écriture - Commun (Bonus Scribe) | G6: {=OR('Nom du personnage'!$C$65:$L$85='Lecture et écriture'!F6,'Nom du personnage'!$Q$65:$Z$85=F6)} -> FALSE | H6: H1 | I6: Scribe | M6: Lecture et écriture - Rakuzan | N6: X | R6: X | S6: X | W6: X | AA6: =IF(OR('Nom du personnage'!U51=$E$2,'Nom du personnage'!U51=$E$3,'Nom du personnage'!U51=$E$4,'Nom du personnage'!U51=$E$5,'Nom du personnage'!U51=$E$6),VLOOKUP('Nom du personnage'!U51,'Lecture et écriture'!E16:I20,2,FALSE),FALSE) -> FALSE | AB6: =IF(AA6=FALSE,$M6,IF(AD6>=0,AA6,$M6)) -> Lecture et écriture - Rakuzan | AC6: =IF(AA6=AB6,0,2) -> 2 | AD6: {=MIN(IF(OR('Nom du personnage'!$C$65:$L$85=AA6,'Nom du personnage'!$Q$65:$Z$85=AA6)=TRUE,1,IF(SUMIF($AD$4:$AD$15,1,$AD$4:$AD$15)=1,-1,0)))} -> 1 | AE6: =IF(OR('Nom du personnage'!U51=$E$2,'Nom du personnage'!U51=$E$3,'Nom du personnage'!U51=$E$4,'Nom du personnage'!U51=$E$5,'Nom du personnage'!U51=$E$6),VLOOKUP('Nom du personnage'!U51,'Lecture et écriture'!E16:I20,2,FALSE),FALSE) -> FALSE | AF6: =IF(AE6=FALSE,$M6,IF(AH6>=0,AE6,F22)) -> Lecture et écriture - Rakuzan | AG6: =IF(AE6=AF6,0,1) -> 1 | AH6: {=MIN(IF(OR('Nom du personnage'!$C$65:$L$85=AE6,'Nom du personnage'!$Q$65:$Z$85=AE6)=TRUE,1,IF(SUMIF($AH$4:$AH$15,1,$AH$4:$AH$15)=1,-1,0)))} -> 1 | AI6: =IF(OR('Nom du personnage'!U51=$E$2,'Nom du personnage'!U51=$E$3,'Nom du personnage'!U51=$E$4,'Nom du personnage'!U51=$E$5,'Nom du personnage'!U51=$E$6),VLOOKUP('Nom du personnage'!U51,'Lecture et écriture'!E16:I20,2,FALSE),FALSE) -> FALSE | AJ6: =IF(AI6=FALSE,$M6,IF(AL6>=0,AI6,$F21)) -> Lecture et écriture - Rakuzan | AK6: =IF(AI6=AJ6,0,1) -> 1 | AL6: {=MIN(IF(OR('Nom du personnage'!$C$65:$L$85=AI6,'Nom du personnage'!$Q$65:$Z$85=AI6)=TRUE,1,IF(SUMIF($AL$4:$AL$15,1,$AL$4:$AL$15)=1,-1,0)))} -> 1 | AM6: =IF(OR('Nom du personnage'!U51=$E$2,'Nom du personnage'!U51=$E$3,'Nom du personnage'!U51=$E$4,'Nom du personnage'!U51=$E$5,'Nom du personnage'!U51=$E$6),VLOOKUP('Nom du personnage'!U51,'Lecture et écriture'!E16:I20,2,FALSE),FALSE) -> FALSE | AN6: =IF(AM6=FALSE,$M6,IF(AP6>=0,AM6,$M6)) -> Lecture et écriture - Rakuzan | AO6: =IF(AM6=AN6,0,2) -> 2 | AP6: {=MIN(IF(OR('Nom du personnage'!$C$65:$L$85=AM6,'Nom du personnage'!$Q$65:$Z$85=AM6)=TRUE,1,IF(SUMIF($AP$4:$AP$15,1,$AP$4:$AP$15)=1,-1,0)))} -> 1 | AR6: Rakuzan | AS6: =IF('Nom du personnage'!$F$51='Lecture et écriture'!$N$2,'Lecture et écriture'!O6,IF('Nom du personnage'!$F$51='Lecture et écriture'!$S$2,'Lecture et écriture'!T6,IF('Nom du personnage'!$F$51='Lecture et écriture'!$W$2,'Lecture et écriture'!X6,IF('Nom du personnage'!$F$51='Lecture et écriture'!$AA$2,'Lecture et écriture'!AB6,IF('Nom du personnage'!$F$51='Lecture et écriture'!$AE$2,'Lecture et écriture'!AF6,IF('Nom du personnage'!$F$51='Lecture et écriture'!$AI$2,'Lecture et écriture'!AJ6,IF('Nom du personnage'!$F$51='Lecture et écriture'!$AM$2,'Lecture et écriture'!AN6,IF('Nom du personnage'!$F$51=$R$2,"",FALSE)))))))) -> Lecture et écriture - Rakuzan | AT6: =IF('Nom du personnage'!$F$51='Lecture et écriture'!$N$2,'Lecture et écriture'!P6,IF('Nom du personnage'!$F$51='Lecture et écriture'!$S$2,'Lecture et écriture'!U6,IF('Nom du personnage'!$F$51='Lecture et écriture'!$W$2,'Lecture et écriture'!Y6,IF('Nom du personnage'!$F$51='Lecture et écriture'!$AA$2,'Lecture et écriture'!AC6,IF('Nom du personnage'!$F$51='Lecture et écriture'!$AE$2,'Lecture et écriture'!AG6,IF('Nom du personnage'!$F$51='Lecture et écriture'!$AI$2,'Lecture et écriture'!AK6,IF('Nom du personnage'!$F$51='Lecture et écriture'!$AM$2,'Lecture et écriture'!AO6,IF('Nom du personnage'!$F$51=$R$2,0,FALSE)))))))) -> 2
A7: Être Sylvestre (Terre) | C7: Lecture et écriture - Vermilangue | E7: Demi-Elfe | F7: Lecture et écriture - Commun (Bonus Demi-Elfe) | G7: {=OR('Nom du personnage'!$C$65:$L$85='Lecture et écriture'!F7,'Nom du personnage'!$Q$65:$Z$85=F7)} -> FALSE | H7: A1 | I7: Demi-Elfe | M7: Lecture et écriture - Infernal | N7: X | R7: X | S7: X | W7: X | AA7: =IF(OR('Nom du personnage'!U51=$E$2,'Nom du personnage'!U51=$E$3,'Nom du personnage'!U51=$E$4,'Nom du personnage'!U51=$E$5,'Nom du personnage'!U51=$E$6),VLOOKUP('Nom du personnage'!U51,'Lecture et écriture'!E23:I27,2,FALSE),FALSE) -> FALSE | AB7: =IF(AA7=FALSE,$M7,IF(AD7>=0,AA7,$M7)) -> Lecture et écriture - Infernal | AC7: =IF(AA7=AB7,0,2) -> 2 | AD7: {=MIN(IF(OR('Nom du personnage'!$C$65:$L$85=AA7,'Nom du personnage'!$Q$65:$Z$85=AA7)=TRUE,1,IF(SUMIF($AD$4:$AD$15,1,$AD$4:$AD$15)=1,-1,0)))} -> 1 | AE7: =IF(OR('Nom du personnage'!U51=$E$2,'Nom du personnage'!U51=$E$3,'Nom du personnage'!U51=$E$4,'Nom du personnage'!U51=$E$5,'Nom du personnage'!U51=$E$6),VLOOKUP('Nom du personnage'!U51,'Lecture et écriture'!E23:I27,2,FALSE),FALSE) -> FALSE | AF7: =IF(AE7=FALSE,$M7,IF(AH7>=0,AE7,F29)) -> Lecture et écriture - Infernal | AG7: =IF(AE7=AF7,0,1) -> 1 | AH7: {=MIN(IF(OR('Nom du personnage'!$C$65:$L$85=AE7,'Nom du personnage'!$Q$65:$Z$85=AE7)=TRUE,1,IF(SUMIF($AH$4:$AH$15,1,$AH$4:$AH$15)=1,-1,0)))} -> 1 | AI7: =IF(OR('Nom du personnage'!U51=$E$2,'Nom du personnage'!U51=$E$3,'Nom du personnage'!U51=$E$4,'Nom du personnage'!U51=$E$5,'Nom du personnage'!U51=$E$6),VLOOKUP('Nom du personnage'!U51,'Lecture et écriture'!E23:I27,2,FALSE),FALSE) -> FALSE | AJ7: =IF(AI7=FALSE,$M7,IF(AL7>=0,AI7,$F28)) -> Lecture et écriture - Infernal | AK7: =IF(AI7=AJ7,0,1) -> 1 | AL7: {=MIN(IF(OR('Nom du personnage'!$C$65:$L$85=AI7,'Nom du personnage'!$Q$65:$Z$85=AI7)=TRUE,1,IF(SUMIF($AL$4:$AL$15,1,$AL$4:$AL$15)=1,-1,0)))} -> 1 | AM7: =IF(OR('Nom du personnage'!U51=$E$2,'Nom du personnage'!U51=$E$3,'Nom du personnage'!U51=$E$4,'Nom du personnage'!U51=$E$5,'Nom du personnage'!U51=$E$6),VLOOKUP('Nom du personnage'!U51,'Lecture et écriture'!E23:I27,2,FALSE),FALSE) -> FALSE | AN7: =IF(AM7=FALSE,$M7,IF(AP7>=0,AM7,$M7)) -> Lecture et écriture - Infernal | AO7: =IF(AM7=AN7,0,2) -> 2 | AP7: {=MIN(IF(OR('Nom du personnage'!$C$65:$L$85=AM7,'Nom du personnage'!$Q$65:$Z$85=AM7)=TRUE,1,IF(SUMIF($AP$4:$AP$15,1,$AP$4:$AP$15)=1,-1,0)))} -> 1 | AR7: Infernal | AS7: =IF('Nom du personnage'!$F$51='Lecture et écriture'!$N$2,'Lecture et écriture'!O7,IF('Nom du personnage'!$F$51='Lecture et écriture'!$S$2,'Lecture et écriture'!T7,IF('Nom du personnage'!$F$51='Lecture et écriture'!$W$2,'Lecture et écriture'!X7,IF('Nom du personnage'!$F$51='Lecture et écriture'!$AA$2,'Lecture et écriture'!AB7,IF('Nom du personnage'!$F$51='Lecture et écriture'!$AE$2,'Lecture et écriture'!AF7,IF('Nom du personnage'!$F$51='Lecture et écriture'!$AI$2,'Lecture et écriture'!AJ7,IF('Nom du personnage'!$F$51='Lecture et écriture'!$AM$2,'Lecture et écriture'!AN7,IF('Nom du personnage'!$F$51=$R$2,"",FALSE)))))))) -> Lecture et écriture - Infernal | AT7: =IF('Nom du personnage'!$F$51='Lecture et écriture'!$N$2,'Lecture et écriture'!P7,IF('Nom du personnage'!$F$51='Lecture et écriture'!$S$2,'Lecture et écriture'!U7,IF('Nom du personnage'!$F$51='Lecture et écriture'!$W$2,'Lecture et écriture'!Y7,IF('Nom du personnage'!$F$51='Lecture et écriture'!$AA$2,'Lecture et écriture'!AC7,IF('Nom du personnage'!$F$51='Lecture et écriture'!$AE$2,'Lecture et écriture'!AG7,IF('Nom du personnage'!$F$51='Lecture et écriture'!$AI$2,'Lecture et écriture'!AK7,IF('Nom du personnage'!$F$51='Lecture et écriture'!$AM$2,'Lecture et écriture'!AO7,IF('Nom du personnage'!$F$51=$R$2,0,FALSE)))))))) -> 2
A8: Être Sylvestre (Eau) | C8: Lecture et écriture - Orque | E8: Elfe Gris | F8: Lecture et écriture - Commun (Bonus Elfe Gris) | G8: {=OR('Nom du personnage'!$C$65:$L$85='Lecture et écriture'!F8,'Nom du personnage'!$Q$65:$Z$85=F8)} -> FALSE | H8: B1 | I8: Elfe Gris | M8: Lecture et écriture - Céleste | N8: X | R8: X | S8: X | W8: X | AA8: =IF(OR('Nom du personnage'!U51=$E$2,'Nom du personnage'!U51=$E$3,'Nom du personnage'!U51=$E$4,'Nom du personnage'!U51=$E$5,'Nom du personnage'!U51=$E$6),VLOOKUP('Nom du personnage'!U51,'Lecture et écriture'!E30:I34,2,FALSE),FALSE) -> FALSE | AB8: =IF(AA8=FALSE,$M8,IF(AD8>=0,AA8,$M8)) -> Lecture et écriture - Céleste | AC8: =IF(AA8=AB8,0,2) -> 2 | AD8: {=MIN(IF(OR('Nom du personnage'!$C$65:$L$85=AA8,'Nom du personnage'!$Q$65:$Z$85=AA8)=TRUE,1,IF(SUMIF($AD$4:$AD$15,1,$AD$4:$AD$15)=1,-1,0)))} -> 1 | AE8: =IF(OR('Nom du personnage'!U51=$E$2,'Nom du personnage'!U51=$E$3,'Nom du personnage'!U51=$E$4,'Nom du personnage'!U51=$E$5,'Nom du personnage'!U51=$E$6),VLOOKUP('Nom du personnage'!U51,'Lecture et écriture'!E30:I34,2,FALSE),FALSE) -> FALSE | AF8: =IF(AE8=FALSE,$M8,IF(AH8>=0,AE8,F36)) -> Lecture et écriture - Céleste | AG8: =IF(AE8=AF8,0,1) -> 1 | AH8: {=MIN(IF(OR('Nom du personnage'!$C$65:$L$85=AE8,'Nom du personnage'!$Q$65:$Z$85=AE8)=TRUE,1,IF(SUMIF($AH$4:$AH$15,1,$AH$4:$AH$15)=1,-1,0)))} -> 1 | AI8: =IF(OR('Nom du personnage'!U51=$E$2,'Nom du personnage'!U51=$E$3,'Nom du personnage'!U51=$E$4,'Nom du personnage'!U51=$E$5,'Nom du personnage'!U51=$E$6),VLOOKUP('Nom du personnage'!U51,'Lecture et écriture'!E30:I34,2,FALSE),FALSE) -> FALSE | AJ8: =IF(AI8=FALSE,$M8,IF(AL8>=0,AI8,$F35)) -> Lecture et écriture - Céleste | AK8: =IF(AI8=AJ8,0,1) -> 1 | AL8: {=MIN(IF(OR('Nom du personnage'!$C$65:$L$85=AI8,'Nom du personnage'!$Q$65:$Z$85=AI8)=TRUE,1,IF(SUMIF($AL$4:$AL$15,1,$AL$4:$AL$15)=1,-1,0)))} -> 1 | AM8: =IF(OR('Nom du personnage'!U51=$E$2,'Nom du personnage'!U51=$E$3,'Nom du personnage'!U51=$E$4,'Nom du personnage'!U51=$E$5,'Nom du personnage'!U51=$E$6),VLOOKUP('Nom du personnage'!U51,'Lecture et écriture'!E30:I34,2,FALSE),FALSE) -> FALSE | AN8: =IF(AM8=FALSE,$M8,IF(AP8>=0,AM8,$M8)) -> Lecture et écriture - Céleste | AO8: =IF(AM8=AN8,0,2) -> 2 | AP8: {=MIN(IF(OR('Nom du personnage'!$C$65:$L$85=AM8,'Nom du personnage'!$Q$65:$Z$85=AM8)=TRUE,1,IF(SUMIF($AP$4:$AP$15,1,$AP$4:$AP$15)=1,-1,0)))} -> 1 | AR8: Céleste | AS8: =IF('Nom du personnage'!$F$51='Lecture et écriture'!$N$2,'Lecture et écriture'!O8,IF('Nom du personnage'!$F$51='Lecture et écriture'!$S$2,'Lecture et écriture'!T8,IF('Nom du personnage'!$F$51='Lecture et écriture'!$W$2,'Lecture et écriture'!X8,IF('Nom du personnage'!$F$51='Lecture et écriture'!$AA$2,'Lecture et écriture'!AB8,IF('Nom du personnage'!$F$51='Lecture et écriture'!$AE$2,'Lecture et écriture'!AF8,IF('Nom du personnage'!$F$51='Lecture et écriture'!$AI$2,'Lecture et écriture'!AJ8,IF('Nom du personnage'!$F$51='Lecture et écriture'!$AM$2,'Lecture et écriture'!AN8,IF('Nom du personnage'!$F$51=$R$2,"",FALSE)))))))) -> Lecture et écriture - Céleste | AT8: =IF('Nom du personnage'!$F$51='Lecture et écriture'!$N$2,'Lecture et écriture'!P8,IF('Nom du personnage'!$F$51='Lecture et écriture'!$S$2,'Lecture et écriture'!U8,IF('Nom du personnage'!$F$51='Lecture et écriture'!$W$2,'Lecture et écriture'!Y8,IF('Nom du personnage'!$F$51='Lecture et écriture'!$AA$2,'Lecture et écriture'!AC8,IF('Nom du personnage'!$F$51='Lecture et écriture'!$AE$2,'Lecture et écriture'!AG8,IF('Nom du personnage'!$F$51='Lecture et écriture'!$AI$2,'Lecture et écriture'!AK8,IF('Nom du personnage'!$F$51='Lecture et écriture'!$AM$2,'Lecture et écriture'!AO8,IF('Nom du personnage'!$F$51=$R$2,0,FALSE)))))))) -> 2
A9: Être Sylvestre (Feu) | C9: Lecture et écriture - Arcane | E9: Mage | F9: Lecture et écriture - Elfique (Bonus Mage) | G9: {=OR('Nom du personnage'!$C$65:$L$85='Lecture et écriture'!F9,'Nom du personnage'!$Q$65:$Z$85=F9)} -> FALSE | H9: D2 | I9: Mage | M9: Lecture et écriture - Outremonde | N9: X | R9: X | S9: X | W9: X | AA9: =IF(OR('Nom du personnage'!U51=$E$2,'Nom du personnage'!U51=$E$3,'Nom du personnage'!U51=$E$4,'Nom du personnage'!U51=$E$5,'Nom du personnage'!U51=$E$6),VLOOKUP('Nom du personnage'!U51,'Lecture et écriture'!E37:I41,2,FALSE),FALSE) -> FALSE | AB9: =IF(AA9=FALSE,$M9,IF(AD9>=0,AA9,$M9)) -> Lecture et écriture - Outremonde | AC9: =IF(AA9=AB9,0,2) -> 2 | AD9: {=MIN(IF(OR('Nom du personnage'!$C$65:$L$85=AA9,'Nom du personnage'!$Q$65:$Z$85=AA9)=TRUE,1,IF(SUMIF($AD$4:$AD$15,1,$AD$4:$AD$15)=1,-1,0)))} -> 1 | AE9: =IF(OR('Nom du personnage'!U51=$E$2,'Nom du personnage'!U51=$E$3,'Nom du personnage'!U51=$E$4,'Nom du personnage'!U51=$E$5,'Nom du personnage'!U51=$E$6),VLOOKUP('Nom du personnage'!U51,'Lecture et écriture'!E37:I41,2,FALSE),FALSE) -> FALSE | AF9: =IF(AE9=FALSE,$M9,IF(AH9>=0,AE9,F43)) -> Lecture et écriture - Outremonde | AG9: =IF(AE9=AF9,0,1) -> 1 | AH9: {=MIN(IF(OR('Nom du personnage'!$C$65:$L$85=AE9,'Nom du personnage'!$Q$65:$Z$85=AE9)=TRUE,1,IF(SUMIF($AH$4:$AH$15,1,$AH$4:$AH$15)=1,-1,0)))} -> 1 | AI9: =IF(OR('Nom du personnage'!U51=$E$2,'Nom du personnage'!U51=$E$3,'Nom du personnage'!U51=$E$4,'Nom du personnage'!U51=$E$5,'Nom du personnage'!U51=$E$6),VLOOKUP('Nom du personnage'!U51,'Lecture et écriture'!E37:I41,2,FALSE),FALSE) -> FALSE | AJ9: =IF(AI9=FALSE,$M9,IF(AL9>=0,AI9,$F42)) -> Lecture et écriture - Outremonde | AK9: =IF(AI9=AJ9,0,1) -> 1 | AL9: {=MIN(IF(OR('Nom du personnage'!$C$65:$L$85=AI9,'Nom du personnage'!$Q$65:$Z$85=AI9)=TRUE,1,IF(SUMIF($AL$4:$AL$15,1,$AL$4:$AL$15)=1,-1,0)))} -> 1 | AM9: =IF(OR('Nom du personnage'!U51=$E$2,'Nom du personnage'!U51=$E$3,'Nom du personnage'!U51=$E$4,'Nom du personnage'!U51=$E$5,'Nom du personnage'!U51=$E$6),VLOOKUP('Nom du personnage'!U51,'Lecture et écriture'!E37:I41,2,FALSE),FALSE) -> FALSE | AN9: =IF(AM9=FALSE,$M9,IF(AP9>=0,AM9,$M9)) -> Lecture et écriture - Outremonde | AO9: =IF(AM9=AN9,0,2) -> 2 | AP9: {=MIN(IF(OR('Nom du personnage'!$C$65:$L$85=AM9,'Nom du personnage'!$Q$65:$Z$85=AM9)=TRUE,1,IF(SUMIF($AP$4:$AP$15,1,$AP$4:$AP$15)=1,-1,0)))} -> 1 | AR9: Outremonde | AS9: =IF('Nom du personnage'!$F$51='Lecture et écriture'!$N$2,'Lecture et écriture'!O9,IF('Nom du personnage'!$F$51='Lecture et écriture'!$S$2,'Lecture et écriture'!T9,IF('Nom du personnage'!$F$51='Lecture et écriture'!$W$2,'Lecture et écriture'!X9,IF('Nom du personnage'!$F$51='Lecture et écriture'!$AA$2,'Lecture et écriture'!AB9,IF('Nom du personnage'!$F$51='Lecture et écriture'!$AE$2,'Lecture et écriture'!AF9,IF('Nom du personnage'!$F$51='Lecture et écriture'!$AI$2,'Lecture et écriture'!AJ9,IF('Nom du personnage'!$F$51='Lecture et écriture'!$AM$2,'Lecture et écriture'!AN9,IF('Nom du personnage'!$F$51=$R$2,"",FALSE)))))))) -> Lecture et écriture - Outremonde | AT9: =IF('Nom du personnage'!$F$51='Lecture et écriture'!$N$2,'Lecture et écriture'!P9,IF('Nom du personnage'!$F$51='Lecture et écriture'!$S$2,'Lecture et écriture'!U9,IF('Nom du personnage'!$F$51='Lecture et écriture'!$W$2,'Lecture et écriture'!Y9,IF('Nom du personnage'!$F$51='Lecture et écriture'!$AA$2,'Lecture et écriture'!AC9,IF('Nom du personnage'!$F$51='Lecture et écriture'!$AE$2,'Lecture et écriture'!AG9,IF('Nom du personnage'!$F$51='Lecture et écriture'!$AI$2,'Lecture et écriture'!AK9,IF('Nom du personnage'!$F$51='Lecture et écriture'!$AM$2,'Lecture et écriture'!AO9,IF('Nom du personnage'!$F$51=$R$2,0,FALSE)))))))) -> 2
A10: Être Sylvestre (Air) | C10: Lecture et écriture - Arborique | E10: Barde | F10: Lecture et écriture - Elfique (Bonus Barde) | G10: {=OR('Nom du personnage'!$C$65:$L$85='Lecture et écriture'!F10,'Nom du personnage'!$Q$65:$Z$85=F10)} -> FALSE | H10: E2 | I10: Barde | M10: Lecture et écriture - Vermilangue | N10: X | R10: X | S10: X | W10: X | AA10: =IF(OR('Nom du personnage'!U51=$E$2,'Nom du personnage'!U51=$E$3,'Nom du personnage'!U51=$E$4,'Nom du personnage'!U51=$E$5,'Nom du personnage'!U51=$E$6),VLOOKUP('Nom du personnage'!U51,'Lecture et écriture'!E44:I48,2,FALSE),FALSE) -> FALSE | AB10: =IF(AA10=FALSE,$M10,IF(AD10>=0,AA10,$M10)) -> Lecture et écriture - Vermilangue | AC10: =IF(AA10=AB10,0,2) -> 2 | AD10: {=MIN(IF(OR('Nom du personnage'!$C$65:$L$85=AA10,'Nom du personnage'!$Q$65:$Z$85=AA10)=TRUE,1,IF(SUMIF($AD$4:$AD$15,1,$AD$4:$AD$15)=1,-1,0)))} -> 1 | AE10: =IF(OR('Nom du personnage'!U51=$E$2,'Nom du personnage'!U51=$E$3,'Nom du personnage'!U51=$E$4,'Nom du personnage'!U51=$E$5,'Nom du personnage'!U51=$E$6),VLOOKUP('Nom du personnage'!U51,'Lecture et écriture'!E44:I48,2,FALSE),FALSE) -> FALSE | AF10: =IF(AE10=FALSE,$M10,IF(AH10>=0,AE10,F50)) -> Lecture et écriture - Vermilangue | AG10: =IF(AE10=AF10,0,1) -> 1 | AH10: {=MIN(IF(OR('Nom du personnage'!$C$65:$L$85=AE10,'Nom du personnage'!$Q$65:$Z$85=AE10)=TRUE,1,IF(SUMIF($AH$4:$AH$15,1,$AH$4:$AH$15)=1,-1,0)))} -> 1 | AI10: =IF(OR('Nom du personnage'!U51=$E$2,'Nom du personnage'!U51=$E$3,'Nom du personnage'!U51=$E$4,'Nom du personnage'!U51=$E$5,'Nom du personnage'!U51=$E$6),VLOOKUP('Nom du personnage'!U51,'Lecture et écriture'!E44:I48,2,FALSE),FALSE) -> FALSE | AJ10: =IF(AI10=FALSE,$M10,IF(AL10>=0,AI10,$F49)) -> Lecture et écriture - Vermilangue | AK10: =IF(AI10=AJ10,0,1) -> 1 | AL10: {=MIN(IF(OR('Nom du personnage'!$C$65:$L$85=AI10,'Nom du personnage'!$Q$65:$Z$85=AI10)=TRUE,1,IF(SUMIF($AL$4:$AL$15,1,$AL$4:$AL$15)=1,-1,0)))} -> 1 | AM10: =IF(OR('Nom du personnage'!U51=$E$2,'Nom du personnage'!U51=$E$3,'Nom du personnage'!U51=$E$4,'Nom du personnage'!U51=$E$5,'Nom du personnage'!U51=$E$6),VLOOKUP('Nom du personnage'!U51,'Lecture et écriture'!E44:I48,2,FALSE),FALSE) -> FALSE | AN10: =IF(AM10=FALSE,$M10,IF(AP10>=0,AM10,$M10)) -> Lecture et écriture - Vermilangue | AO10: =IF(AM10=AN10,0,2) -> 2 | AP10: {=MIN(IF(OR('Nom du personnage'!$C$65:$L$85=AM10,'Nom du personnage'!$Q$65:$Z$85=AM10)=TRUE,1,IF(SUMIF($AP$4:$AP$15,1,$AP$4:$AP$15)=1,-1,0)))} -> 1 | AR10: Vermilangue | AS10: =IF('Nom du personnage'!$F$51='Lecture et écriture'!$N$2,'Lecture et écriture'!O10,IF('Nom du personnage'!$F$51='Lecture et écriture'!$S$2,'Lecture et écriture'!T10,IF('Nom du personnage'!$F$51='Lecture et écriture'!$W$2,'Lecture et écriture'!X10,IF('Nom du personnage'!$F$51='Lecture et écriture'!$AA$2,'Lecture et écriture'!AB10,IF('Nom du personnage'!$F$51='Lecture et écriture'!$AE$2,'Lecture et écriture'!AF10,IF('Nom du personnage'!$F$51='Lecture et écriture'!$AI$2,'Lecture et écriture'!AJ10,IF('Nom du personnage'!$F$51='Lecture et écriture'!$AM$2,'Lecture et écriture'!AN10,IF('Nom du personnage'!$F$51=$R$2,"",FALSE)))))))) -> Lecture et écriture - Vermilangue | AT10: =IF('Nom du personnage'!$F$51='Lecture et écriture'!$N$2,'Lecture et écriture'!P10,IF('Nom du personnage'!$F$51='Lecture et écriture'!$S$2,'Lecture et écriture'!U10,IF('Nom du personnage'!$F$51='Lecture et écriture'!$W$2,'Lecture et écriture'!Y10,IF('Nom du personnage'!$F$51='Lecture et écriture'!$AA$2,'Lecture et écriture'!AC10,IF('Nom du personnage'!$F$51='Lecture et écriture'!$AE$2,'Lecture et écriture'!AG10,IF('Nom du personnage'!$F$51='Lecture et écriture'!$AI$2,'Lecture et écriture'!AK10,IF('Nom du personnage'!$F$51='Lecture et écriture'!$AM$2,'Lecture et écriture'!AO10,IF('Nom du personnage'!$F$51=$R$2,0,FALSE)))))))) -> 2
A11: Haut-Elfe | C11: Lecture et écriture - Runique | E11: Charlatan | F11: Lecture et écriture - Elfique (Bonus Charlatan) | G11: {=OR('Nom du personnage'!$C$65:$L$85='Lecture et écriture'!F11,'Nom du personnage'!$Q$65:$Z$85=F11)} -> FALSE | H11: F2 | I11: Charlatan | M11: Lecture et écriture - Orque | N11: =IF(OR('Nom du personnage'!U51=E51,'Nom du personnage'!U51=E52,'Nom du personnage'!U51=E53,'Nom du personnage'!U51=E54,'Nom du personnage'!U51=E55),VLOOKUP('Nom du personnage'!U51,'Lecture et écriture'!E51:I55,2,FALSE),FALSE) -> FALSE | O11: =IF(N11=FALSE,$M11,IF(Q11>=0,N11,$M11)) -> Lecture et écriture - Orque | P11: =IF(N11=O11,0,2) -> 2 | Q11: {=MIN(IF(OR('Nom du personnage'!$C$65:$L$85=N11,'Nom du personnage'!$Q$65:$Z$85=N11)=TRUE,1,IF(SUMIF($Q$4:$Q$15,1,$Q$4:$Q$15)=1,-1,0)))} -> 1 | R11: X | S11: X | W11: X | AA11: =IF(OR('Nom du personnage'!U51=$E$2,'Nom du personnage'!U51=$E$3,'Nom du personnage'!U51=$E$4,'Nom du personnage'!U51=$E$5,'Nom du personnage'!U51=$E$6),VLOOKUP('Nom du personnage'!U51,'Lecture et écriture'!E51:I55,2,FALSE),FALSE) -> FALSE | AB11: =IF(AA11=FALSE,$M11,IF(AD11>=0,AA11,$M11)) -> Lecture et écriture - Orque | AC11: =IF(AA11=AB11,0,2) -> 2 | AD11: {=MIN(IF(OR('Nom du personnage'!$C$65:$L$85=AA11,'Nom du personnage'!$Q$65:$Z$85=AA11)=TRUE,1,IF(SUMIF($AD$4:$AD$15,1,$AD$4:$AD$15)=1,-1,0)))} -> 1 | AE11: =IF(OR('Nom du personnage'!U51=$E$2,'Nom du personnage'!U51=$E$3,'Nom du personnage'!U51=$E$4,'Nom du personnage'!U51=$E$5,'Nom du personnage'!U51=$E$6),VLOOKUP('Nom du personnage'!U51,'Lecture et écriture'!E51:I55,2,FALSE),FALSE) -> FALSE | AF11: =IF(AE11=FALSE,$M11,IF(AH11>=0,AE11,F57)) -> Lecture et écriture - Orque | AG11: =IF(AE11=AF11,0,1) -> 1 | AH11: {=MIN(IF(OR('Nom du personnage'!$C$65:$L$85=AE11,'Nom du personnage'!$Q$65:$Z$85=AE11)=TRUE,1,IF(SUMIF($AH$4:$AH$15,1,$AH$4:$AH$15)=1,-1,0)))} -> 1 | AI11: =IF(OR('Nom du personnage'!U51=$E$2,'Nom du personnage'!U51=$E$3,'Nom du personnage'!U51=$E$4,'Nom du personnage'!U51=$E$5,'Nom du personnage'!U51=$E$6),VLOOKUP('Nom du personnage'!U51,'Lecture et écriture'!E51:I55,2,FALSE),FALSE) -> FALSE | AJ11: =IF(AI11=FALSE,$M11,IF(AL11>=0,AI11,$F56)) -> Lecture et écriture - Orque | AK11: =IF(AI11=AJ11,0,1) -> 1 | AL11: {=MIN(IF(OR('Nom du personnage'!$C$65:$L$85=AI11,'Nom du personnage'!$Q$65:$Z$85=AI11)=TRUE,1,IF(SUMIF($AL$4:$AL$15,1,$AL$4:$AL$15)=1,-1,0)))} -> 1 | AM11: =IF(OR('Nom du personnage'!U51=$E$2,'Nom du personnage'!U51=$E$3,'Nom du personnage'!U51=$E$4,'Nom du personnage'!U51=$E$5,'Nom du personnage'!U51=$E$6),VLOOKUP('Nom du personnage'!U51,'Lecture et écriture'!E51:I55,2,FALSE),FALSE) -> FALSE | AN11: =IF(AM11=FALSE,$M11,IF(AP11>=0,AM11,$M11)) -> Lecture et écriture - Orque | AO11: =IF(AM11=AN11,0,2) -> 2 | AP11: {=MIN(IF(OR('Nom du personnage'!$C$65:$L$85=AM11,'Nom du personnage'!$Q$65:$Z$85=AM11)=TRUE,1,IF(SUMIF($AP$4:$AP$15,1,$AP$4:$AP$15)=1,-1,0)))} -> 1 | AR11: Orque | AS11: =IF('Nom du personnage'!$F$51='Lecture et écriture'!$N$2,'Lecture et écriture'!O11,IF('Nom du personnage'!$F$51='Lecture et écriture'!$S$2,'Lecture et écriture'!T11,IF('Nom du personnage'!$F$51='Lecture et écriture'!$W$2,'Lecture et écriture'!X11,IF('Nom du personnage'!$F$51='Lecture et écriture'!$AA$2,'Lecture et écriture'!AB11,IF('Nom du personnage'!$F$51='Lecture et écriture'!$AE$2,'Lecture et écriture'!AF11,IF('Nom du personnage'!$F$51='Lecture et écriture'!$AI$2,'Lecture et écriture'!AJ11,IF('Nom du personnage'!$F$51='Lecture et écriture'!$AM$2,'Lecture et écriture'!AN11,IF('Nom du personnage'!$F$51=$R$2,"",FALSE)))))))) -> Lecture et écriture - Orque | AT11: =IF('Nom du personnage'!$F$51='Lecture et écriture'!$N$2,'Lecture et écriture'!P11,IF('Nom du personnage'!$F$51='Lecture et écriture'!$S$2,'Lecture et écriture'!U11,IF('Nom du personnage'!$F$51='Lecture et écriture'!$W$2,'Lecture et écriture'!Y11,IF('Nom du personnage'!$F$51='Lecture et écriture'!$AA$2,'Lecture et écriture'!AC11,IF('Nom du personnage'!$F$51='Lecture et écriture'!$AE$2,'Lecture et écriture'!AG11,IF('Nom du personnage'!$F$51='Lecture et écriture'!$AI$2,'Lecture et écriture'!AK11,IF('Nom du personnage'!$F$51='Lecture et écriture'!$AM$2,'Lecture et écriture'!AO11,IF('Nom du personnage'!$F$51=$R$2,0,FALSE)))))))) -> 2
A12: Humain | C12: Lecture et écriture - Sylvestre | E12: Sage | F12: Lecture et écriture - Elfique (Bonus Sage) | G12: {=OR('Nom du personnage'!$C$65:$L$85='Lecture et écriture'!F12,'Nom du personnage'!$Q$65:$Z$85=F12)} -> FALSE | H12: G2 | I12: Sage | M12: Lecture et écriture - Arcane | N12: X | R12: X | S12: X | W12: X | AA12: =IF(OR('Nom du personnage'!U51=$E$2,'Nom du personnage'!U51=$E$3,'Nom du personnage'!U51=$E$4,'Nom du personnage'!U51=$E$5,'Nom du personnage'!U51=$E$6),VLOOKUP('Nom du personnage'!U51,'Lecture et écriture'!E58:I62,2,FALSE),FALSE) -> FALSE | AB12: =IF(AA12=FALSE,$M12,IF(AD12>=0,AA12,$M12)) -> Lecture et écriture - Arcane | AC12: =IF(AA12=AB12,0,2) -> 2 | AD12: {=MIN(IF(OR('Nom du personnage'!$C$65:$L$85=AA12,'Nom du personnage'!$Q$65:$Z$85=AA12)=TRUE,1,IF(SUMIF($AD$4:$AD$15,1,$AD$4:$AD$15)=1,-1,0)))} -> 1 | AE12: =IF(OR('Nom du personnage'!U51=$E$2,'Nom du personnage'!U51=$E$3,'Nom du personnage'!U51=$E$4,'Nom du personnage'!U51=$E$5,'Nom du personnage'!U51=$E$6),VLOOKUP('Nom du personnage'!U51,'Lecture et écriture'!E58:I62,2,FALSE),FALSE) -> FALSE | AF12: =IF(AE12=FALSE,$M12,IF(AH12>=0,AE12,F64)) -> Lecture et écriture - Arcane | AG12: =IF(AE12=AF12,0,1) -> 1 | AH12: {=MIN(IF(OR('Nom du personnage'!$C$65:$L$85=AE12,'Nom du personnage'!$Q$65:$Z$85=AE12)=TRUE,1,IF(SUMIF($AH$4:$AH$15,1,$AH$4:$AH$15)=1,-1,0)))} -> 1 | AI12: =IF(OR('Nom du personnage'!U51=$E$2,'Nom du personnage'!U51=$E$3,'Nom du personnage'!U51=$E$4,'Nom du personnage'!U51=$E$5,'Nom du personnage'!U51=$E$6),VLOOKUP('Nom du personnage'!U51,'Lecture et écriture'!E58:I62,2,FALSE),FALSE) -> FALSE | AJ12: =IF(AI12=FALSE,$M12,IF(AL12>=0,AI12,$F63)) -> Lecture et écriture - Arcane | AK12: =IF(AI12=AJ12,0,1) -> 1 | AL12: {=MIN(IF(OR('Nom du personnage'!$C$65:$L$85=AI12,'Nom du personnage'!$Q$65:$Z$85=AI12)=TRUE,1,IF(SUMIF($AL$4:$AL$15,1,$AL$4:$AL$15)=1,-1,0)))} -> 1 | AM12: =IF(OR('Nom du personnage'!U51=$E$2,'Nom du personnage'!U51=$E$3,'Nom du personnage'!U51=$E$4,'Nom du personnage'!U51=$E$5,'Nom du personnage'!U51=$E$6),VLOOKUP('Nom du personnage'!U51,'Lecture et écriture'!E58:I62,2,FALSE),FALSE) -> FALSE | AN12: =IF(AM12=FALSE,$M12,IF(AP12>=0,AM12,$M12)) -> Lecture et écriture - Arcane | AO12: =IF(AM12=AN12,0,2) -> 2 | AP12: {=MIN(IF(OR('Nom du personnage'!$C$65:$L$85=AM12,'Nom du personnage'!$Q$65:$Z$85=AM12)=TRUE,1,IF(SUMIF($AP$4:$AP$15,1,$AP$4:$AP$15)=1,-1,0)))} -> 1 | AR12: Arcane | AS12: =IF('Nom du personnage'!$F$51='Lecture et écriture'!$N$2,'Lecture et écriture'!O12,IF('Nom du personnage'!$F$51='Lecture et écriture'!$S$2,'Lecture et écriture'!T12,IF('Nom du personnage'!$F$51='Lecture et écriture'!$W$2,'Lecture et écriture'!X12,IF('Nom du personnage'!$F$51='Lecture et écriture'!$AA$2,'Lecture et écriture'!AB12,IF('Nom du personnage'!$F$51='Lecture et écriture'!$AE$2,'Lecture et écriture'!AF12,IF('Nom du personnage'!$F$51='Lecture et écriture'!$AI$2,'Lecture et écriture'!AJ12,IF('Nom du personnage'!$F$51='Lecture et écriture'!$AM$2,'Lecture et écriture'!AN12,IF('Nom du personnage'!$F$51=$R$2,"",FALSE)))))))) -> Lecture et écriture - Arcane | AT12: =IF('Nom du personnage'!$F$51='Lecture et écriture'!$N$2,'Lecture et écriture'!P12,IF('Nom du personnage'!$F$51='Lecture et écriture'!$S$2,'Lecture et écriture'!U12,IF('Nom du personnage'!$F$51='Lecture et écriture'!$W$2,'Lecture et écriture'!Y12,IF('Nom du personnage'!$F$51='Lecture et écriture'!$AA$2,'Lecture et écriture'!AC12,IF('Nom du personnage'!$F$51='Lecture et écriture'!$AE$2,'Lecture et écriture'!AG12,IF('Nom du personnage'!$F$51='Lecture et écriture'!$AI$2,'Lecture et écriture'!AK12,IF('Nom du personnage'!$F$51='Lecture et écriture'!$AM$2,'Lecture et écriture'!AO12,IF('Nom du personnage'!$F$51=$R$2,0,FALSE)))))))) -> 2
A13: Nain | E13: Scribe | F13: Lecture et écriture - Elfique (Bonus Scribe) | G13: {=OR('Nom du personnage'!$C$65:$L$85='Lecture et écriture'!F13,'Nom du personnage'!$Q$65:$Z$85=F13)} -> FALSE | H13: H2 | I13: Scribe | M13: Lecture et écriture - Arborique | N13: X | R13: X | S13: X | W13: X | AA13: =IF(OR('Nom du personnage'!U51=$E$2,'Nom du personnage'!U51=$E$3,'Nom du personnage'!U51=$E$4,'Nom du personnage'!U51=$E$5,'Nom du personnage'!U51=$E$6),VLOOKUP('Nom du personnage'!U51,'Lecture et écriture'!E65:I69,2,FALSE),FALSE) -> FALSE | AB13: =IF(AA13=FALSE,$M13,IF(AD13>=0,AA13,$M13)) -> Lecture et écriture - Arborique | AC13: =IF(AA13=AB13,0,2) -> 2 | AD13: {=MIN(IF(OR('Nom du personnage'!$C$65:$L$85=AA13,'Nom du personnage'!$Q$65:$Z$85=AA13)=TRUE,1,IF(SUMIF($AD$4:$AD$15,1,$AD$4:$AD$15)=1,-1,0)))} -> 1 | AE13: =IF(OR('Nom du personnage'!U51=$E$2,'Nom du personnage'!U51=$E$3,'Nom du personnage'!U51=$E$4,'Nom du personnage'!U51=$E$5,'Nom du personnage'!U51=$E$6),VLOOKUP('Nom du personnage'!U51,'Lecture et écriture'!E65:I69,2,FALSE),FALSE) -> FALSE | AF13: =IF(AE13=FALSE,$M13,IF(AH13>=0,AE13,F71)) -> Lecture et écriture - Arborique | AG13: =IF(AE13=AF13,0,1) -> 1 | AH13: {=MIN(IF(OR('Nom du personnage'!$C$65:$L$85=AE13,'Nom du personnage'!$Q$65:$Z$85=AE13)=TRUE,1,IF(SUMIF($AH$4:$AH$15,1,$AH$4:$AH$15)=1,-1,0)))} -> 1 | AI13: =IF(OR('Nom du personnage'!U51=$E$2,'Nom du personnage'!U51=$E$3,'Nom du personnage'!U51=$E$4,'Nom du personnage'!U51=$E$5,'Nom du personnage'!U51=$E$6),VLOOKUP('Nom du personnage'!U51,'Lecture et écriture'!E65:I69,2,FALSE),FALSE) -> FALSE | AJ13: =IF(AI13=FALSE,$M13,IF(AL13>=0,AI13,$F70)) -> Lecture et écriture - Arborique | AK13: =IF(AI13=AJ13,0,1) -> 1 | AL13: {=MIN(IF(OR('Nom du personnage'!$C$65:$L$85=AI13,'Nom du personnage'!$Q$65:$Z$85=AI13)=TRUE,1,IF(SUMIF($AL$4:$AL$15,1,$AL$4:$AL$15)=1,-1,0)))} -> 1 | AM13: =IF(OR('Nom du personnage'!U51=$E$2,'Nom du personnage'!U51=$E$3,'Nom du personnage'!U51=$E$4,'Nom du personnage'!U51=$E$5,'Nom du personnage'!U51=$E$6),VLOOKUP('Nom du personnage'!U51,'Lecture et écriture'!E65:I69,2,FALSE),FALSE) -> FALSE | AN13: =IF(AM13=FALSE,$M13,IF(AP13>=0,AM13,$M13)) -> Lecture et écriture - Arborique | AO13: =IF(AM13=AN13,0,2) -> 2 | AP13: {=MIN(IF(OR('Nom du personnage'!$C$65:$L$85=AM13,'Nom du personnage'!$Q$65:$Z$85=AM13)=TRUE,1,IF(SUMIF($AP$4:$AP$15,1,$AP$4:$AP$15)=1,-1,0)))} -> 1 | AR13: Arborique | AS13: =IF('Nom du personnage'!$F$51='Lecture et écriture'!$N$2,'Lecture et écriture'!O13,IF('Nom du personnage'!$F$51='Lecture et écriture'!$S$2,'Lecture et écriture'!T13,IF('Nom du personnage'!$F$51='Lecture et écriture'!$W$2,'Lecture et écriture'!X13,IF('Nom du personnage'!$F$51='Lecture et écriture'!$AA$2,'Lecture et écriture'!AB13,IF('Nom du personnage'!$F$51='Lecture et écriture'!$AE$2,'Lecture et écriture'!AF13,IF('Nom du personnage'!$F$51='Lecture et écriture'!$AI$2,'Lecture et écriture'!AJ13,IF('Nom du personnage'!$F$51='Lecture et écriture'!$AM$2,'Lecture et écriture'!AN13,IF('Nom du personnage'!$F$51=$R$2,"",FALSE)))))))) -> Lecture et écriture - Arborique | AT13: =IF('Nom du personnage'!$F$51='Lecture et écriture'!$N$2,'Lecture et écriture'!P13,IF('Nom du personnage'!$F$51='Lecture et écriture'!$S$2,'Lecture et écriture'!U13,IF('Nom du personnage'!$F$51='Lecture et écriture'!$W$2,'Lecture et écriture'!Y13,IF('Nom du personnage'!$F$51='Lecture et écriture'!$AA$2,'Lecture et écriture'!AC13,IF('Nom du personnage'!$F$51='Lecture et écriture'!$AE$2,'Lecture et écriture'!AG13,IF('Nom du personnage'!$F$51='Lecture et écriture'!$AI$2,'Lecture et écriture'!AK13,IF('Nom du personnage'!$F$51='Lecture et écriture'!$AM$2,'Lecture et écriture'!AO13,IF('Nom du personnage'!$F$51=$R$2,0,FALSE)))))))) -> 2
A14: Gobelin | E14: Demi-Elfe | F14: Lecture et écriture - Elfique (Bonus Demi-Elfe) | G14: {=OR('Nom du personnage'!$C$65:$L$85='Lecture et écriture'!F14,'Nom du personnage'!$Q$65:$Z$85=F14)} -> FALSE | H14: A2 | I14: Demi-Elfe | M14: Lecture et écriture - Runique | N14: X | R14: X | S14: X | W14: =IF(OR('Nom du personnage'!U51=E72,'Nom du personnage'!U51=E73,'Nom du personnage'!U51=E74,'Nom du personnage'!U51=E75,'Nom du personnage'!U51=E76),VLOOKUP('Nom du personnage'!U51,'Lecture et écriture'!E72:I76,2,FALSE),FALSE) -> FALSE | X14: =IF(W14=FALSE,$M14,IF(Z14>=0,W14,$M14)) -> Lecture et écriture - Runique | Y14: =IF(W14=X14,0,2) -> 2 | Z14: =SUMIF('Nom du personnage'!$C$65:$AC$85,'Lecture et écriture'!W14) -> 0 | AA14: =IF(OR('Nom du personnage'!U51=$E$2,'Nom du personnage'!U51=$E$3,'Nom du personnage'!U51=$E$4,'Nom du personnage'!U51=$E$5,'Nom du personnage'!U51=$E$6),VLOOKUP('Nom du personnage'!U51,'Lecture et écriture'!E72:I76,2,FALSE),FALSE) -> FALSE | AB14: =IF(AA14=FALSE,$M14,IF(AD14>=0,AA14,$M14)) -> Lecture et écriture - Runique | AC14: =IF(AA14=AB14,0,2) -> 2 | AD14: {=MIN(IF(OR('Nom du personnage'!$C$65:$L$85=AA14,'Nom du personnage'!$Q$65:$Z$85=AA14)=TRUE,1,IF(SUMIF($AD$4:$AD$15,1,$AD$4:$AD$15)=1,-1,0)))} -> 1 | AE14: =IF(OR('Nom du personnage'!U51=$E$2,'Nom du personnage'!U51=$E$3,'Nom du personnage'!U51=$E$4,'Nom du personnage'!U51=$E$5,'Nom du personnage'!U51=$E$6),VLOOKUP('Nom du personnage'!U51,'Lecture et écriture'!E72:I76,2,FALSE),FALSE) -> FALSE | AF14: =IF(AE14=FALSE,$M14,IF(AH14>=0,AE14,F78)) -> Lecture et écriture - Runique | AG14: =IF(AE14=AF14,0,1) -> 1 | AH14: {=MIN(IF(OR('Nom du personnage'!$C$65:$L$85=AE14,'Nom du personnage'!$Q$65:$Z$85=AE14)=TRUE,1,IF(SUMIF($AH$4:$AH$15,1,$AH$4:$AH$15)=1,-1,0)))} -> 1 | AI14: =IF(OR('Nom du personnage'!U51=$E$2,'Nom du personnage'!U51=$E$3,'Nom du personnage'!U51=$E$4,'Nom du personnage'!U51=$E$5,'Nom du personnage'!U51=$E$6),VLOOKUP('Nom du personnage'!U51,'Lecture et écriture'!E72:I76,2,FALSE),FALSE) -> FALSE | AJ14: =IF(AI14=FALSE,$M14,IF(AL14>=0,AI14,$F77)) -> Lecture et écriture - Runique | AK14: =IF(AI14=AJ14,0,1) -> 1 | AL14: {=MIN(IF(OR('Nom du personnage'!$C$65:$L$85=AI14,'Nom du personnage'!$Q$65:$Z$85=AI14)=TRUE,1,IF(SUMIF($AL$4:$AL$15,1,$AL$4:$AL$15)=1,-1,0)))} -> 1 | AM14: =IF(OR('Nom du personnage'!U51=$E$2,'Nom du personnage'!U51=$E$3,'Nom du personnage'!U51=$E$4,'Nom du personnage'!U51=$E$5,'Nom du personnage'!U51=$E$6),VLOOKUP('Nom du personnage'!U51,'Lecture et écriture'!E72:I76,2,FALSE),FALSE) -> FALSE | AN14: =IF(AM14=FALSE,$M14,IF(AP14>=0,AM14,$M14)) -> Lecture et écriture - Runique | AO14: =IF(AM14=AN14,0,2) -> 2 | AP14: {=MIN(IF(OR('Nom du personnage'!$C$65:$L$85=AM14,'Nom du personnage'!$Q$65:$Z$85=AM14)=TRUE,1,IF(SUMIF($AP$4:$AP$15,1,$AP$4:$AP$15)=1,-1,0)))} -> 1 | AR14: Runique | AS14: =IF('Nom du personnage'!$F$51='Lecture et écriture'!$N$2,'Lecture et écriture'!O14,IF('Nom du personnage'!$F$51='Lecture et écriture'!$S$2,'Lecture et écriture'!T14,IF('Nom du personnage'!$F$51='Lecture et écriture'!$W$2,'Lecture et écriture'!X14,IF('Nom du personnage'!$F$51='Lecture et écriture'!$AA$2,'Lecture et écriture'!AB14,IF('Nom du personnage'!$F$51='Lecture et écriture'!$AE$2,'Lecture et écriture'!AF14,IF('Nom du personnage'!$F$51='Lecture et écriture'!$AI$2,'Lecture et écriture'!AJ14,IF('Nom du personnage'!$F$51='Lecture et écriture'!$AM$2,'Lecture et écriture'!AN14,IF('Nom du personnage'!$F$51=$R$2,"",FALSE)))))))) -> Lecture et écriture - Runique | AT14: =IF('Nom du personnage'!$F$51='Lecture et écriture'!$N$2,'Lecture et écriture'!P14,IF('Nom du personnage'!$F$51='Lecture et écriture'!$S$2,'Lecture et écriture'!U14,IF('Nom du personnage'!$F$51='Lecture et écriture'!$W$2,'Lecture et écriture'!Y14,IF('Nom du personnage'!$F$51='Lecture et écriture'!$AA$2,'Lecture et écriture'!AC14,IF('Nom du personnage'!$F$51='Lecture et écriture'!$AE$2,'Lecture et écriture'!AG14,IF('Nom du personnage'!$F$51='Lecture et écriture'!$AI$2,'Lecture et écriture'!AK14,IF('Nom du personnage'!$F$51='Lecture et écriture'!$AM$2,'Lecture et écriture'!AO14,IF('Nom du personnage'!$F$51=$R$2,0,FALSE)))))))) -> 2
A15: Orque | E15: Elfe Gris | F15: Lecture et écriture - Elfique (Bonus Elfe Gris) | G15: {=OR('Nom du personnage'!$C$65:$L$85='Lecture et écriture'!F15,'Nom du personnage'!$Q$65:$Z$85=F15)} -> FALSE | H15: B2 | I15: Elfe Gris | M15: Lecture et écriture - Sylvestre | N15: X | R15: X | S15: X | W15: X | AA15: =IF(OR('Nom du personnage'!U51=$E$2,'Nom du personnage'!U51=$E$3,'Nom du personnage'!U51=$E$4,'Nom du personnage'!U51=$E$5,'Nom du personnage'!U51=$E$6),VLOOKUP('Nom du personnage'!U51,'Lecture et écriture'!E79:I83,2,FALSE),FALSE) -> FALSE | AB15: =IF(AA15=FALSE,$M15,IF(AD15>=0,AA15,$M15)) -> Lecture et écriture - Sylvestre | AC15: =IF(AA15=AB15,0,2) -> 2 | AD15: {=MIN(IF(OR('Nom du personnage'!$C$65:$L$85=AA15,'Nom du personnage'!$Q$65:$Z$85=AA15)=TRUE,1,IF(SUMIF($AD$4:$AD$15,1,$AD$4:$AD$15)=1,-1,0)))} -> 1 | AE15: =IF(OR('Nom du personnage'!U51=$E$2,'Nom du personnage'!U51=$E$3,'Nom du personnage'!U51=$E$4,'Nom du personnage'!U51=$E$5,'Nom du personnage'!U51=$E$6),VLOOKUP('Nom du personnage'!U51,'Lecture et écriture'!E79:I83,2,FALSE),FALSE) -> FALSE | AF15: =IF(AE15=FALSE,$M15,IF(AH15>=0,AE15,F85)) -> Lecture et écriture - Sylvestre | AG15: =IF(AE15=AF15,0,1) -> 1 | AH15: {=MIN(IF(OR('Nom du personnage'!$C$65:$L$85=AE15,'Nom du personnage'!$Q$65:$Z$85=AE15)=TRUE,1,IF(SUMIF($AH$4:$AH$15,1,$AH$4:$AH$15)=1,-1,0)))} -> 1 | AI15: =IF(OR('Nom du personnage'!U51=$E$2,'Nom du personnage'!U51=$E$3,'Nom du personnage'!U51=$E$4,'Nom du personnage'!U51=$E$5,'Nom du personnage'!U51=$E$6),VLOOKUP('Nom du personnage'!U51,'Lecture et écriture'!E79:I83,2,FALSE),FALSE) -> FALSE | AJ15: =IF(AI15=FALSE,$M15,IF(AL15>=0,AI15,$F84)) -> Lecture et écriture - Sylvestre | AK15: =IF(AI15=AJ15,0,1) -> 1 | AL15: {=MIN(IF(OR('Nom du personnage'!$C$65:$L$85=AI15,'Nom du personnage'!$Q$65:$Z$85=AI15)=TRUE,1,IF(SUMIF($AL$4:$AL$15,1,$AL$4:$AL$15)=1,-1,0)))} -> 1 | AM15: =IF(OR('Nom du personnage'!U51=$E$2,'Nom du personnage'!U51=$E$3,'Nom du personnage'!U51=$E$4,'Nom du personnage'!U51=$E$5,'Nom du personnage'!U51=$E$6),VLOOKUP('Nom du personnage'!U51,'Lecture et écriture'!E79:I83,2,FALSE),FALSE) -> FALSE | AN15: =IF(AM15=FALSE,$M15,IF(AP15>=0,AM15,$M15)) -> Lecture et écriture - Sylvestre | AO15: =IF(AM15=AN15,0,2) -> 2 | AP15: {=MIN(IF(OR('Nom du personnage'!$C$65:$L$85=AM15,'Nom du personnage'!$Q$65:$Z$85=AM15)=TRUE,1,IF(SUMIF($AP$4:$AP$15,1,$AP$4:$AP$15)=1,-1,0)))} -> 1 | AR15: Sylvestre | AS15: =IF('Nom du personnage'!$F$51='Lecture et écriture'!$N$2,'Lecture et écriture'!O15,IF('Nom du personnage'!$F$51='Lecture et écriture'!$S$2,'Lecture et écriture'!T15,IF('Nom du personnage'!$F$51='Lecture et écriture'!$W$2,'Lecture et écriture'!X15,IF('Nom du personnage'!$F$51='Lecture et écriture'!$AA$2,'Lecture et écriture'!AB15,IF('Nom du personnage'!$F$51='Lecture et écriture'!$AE$2,'Lecture et écriture'!AF15,IF('Nom du personnage'!$F$51='Lecture et écriture'!$AI$2,'Lecture et écriture'!AJ15,IF('Nom du personnage'!$F$51='Lecture et écriture'!$AM$2,'Lecture et écriture'!AN15,IF('Nom du personnage'!$F$51=$R$2,"",FALSE)))))))) -> Lecture et écriture - Sylvestre | AT15: =IF('Nom du personnage'!$F$51='Lecture et écriture'!$N$2,'Lecture et écriture'!P15,IF('Nom du personnage'!$F$51='Lecture et écriture'!$S$2,'Lecture et écriture'!U15,IF('Nom du personnage'!$F$51='Lecture et écriture'!$W$2,'Lecture et écriture'!Y15,IF('Nom du personnage'!$F$51='Lecture et écriture'!$AA$2,'Lecture et écriture'!AC15,IF('Nom du personnage'!$F$51='Lecture et écriture'!$AE$2,'Lecture et écriture'!AG15,IF('Nom du personnage'!$F$51='Lecture et écriture'!$AI$2,'Lecture et écriture'!AK15,IF('Nom du personnage'!$F$51='Lecture et écriture'!$AM$2,'Lecture et écriture'!AO15,IF('Nom du personnage'!$F$51=$R$2,0,FALSE)))))))) -> 2
A16: Demi-Démon | E16: Mage | F16: Lecture et écriture - Rakuzan (Bonus Mage) | G16: {=OR('Nom du personnage'!$C$65:$L$85='Lecture et écriture'!F16,'Nom du personnage'!$Q$65:$Z$85=F16)} -> FALSE | H16: D3 | I16: Mage
A17: Illithyd | E17: Barde | F17: Lecture et écriture - Rakuzan (Bonus Barde) | G17: {=OR('Nom du personnage'!$C$65:$L$85='Lecture et écriture'!F17,'Nom du personnage'!$Q$65:$Z$85=F17)} -> FALSE | H17: E3 | I17: Barde
A18: Norde | E18: Charlatan | F18: Lecture et écriture - Rakuzan (Bonus Charlatan) | G18: {=OR('Nom du personnage'!$C$65:$L$85='Lecture et écriture'!F18,'Nom du personnage'!$Q$65:$Z$85=F18)} -> FALSE | H18: F3 | I18: Charlatan
A19: Presqu'Humain | E19: Sage | F19: Lecture et écriture - Rakuzan (Bonus Sage) | G19: {=OR('Nom du personnage'!$C$65:$L$85='Lecture et écriture'!F19,'Nom du personnage'!$Q$65:$Z$85=F19)} -> FALSE | H19: G3 | I19: Sage
A20: Gitan | E20: Scribe | F20: Lecture et écriture - Rakuzan (Bonus Scribe) | G20: {=OR('Nom du personnage'!$C$65:$L$85='Lecture et écriture'!F20,'Nom du personnage'!$Q$65:$Z$85=F20)} -> FALSE | H20: H3 | I20: Scribe
A21: Arboréen | E21: Demi-Elfe | F21: Lecture et écriture - Rakuzan (Bonus Demi-Elfe) | G21: {=OR('Nom du personnage'!$C$65:$L$85='Lecture et écriture'!F21,'Nom du personnage'!$Q$65:$Z$85=F21)} -> FALSE | H21: A3 | I21: Demi-Elfe
A22: Corvus | E22: Elfe Gris | F22: Lecture et écriture - Rakuzan (Bonus Elfe Gris) | G22: {=OR('Nom du personnage'!$C$65:$L$85='Lecture et écriture'!F22,'Nom du personnage'!$Q$65:$Z$85=F22)} -> FALSE | H22: B3 | I22: Elfe Gris
A23: Rasgadan | E23: Mage | F23: Lecture et écriture - Infernal (Bonus Mage) | G23: {=OR('Nom du personnage'!$C$65:$L$85='Lecture et écriture'!F23,'Nom du personnage'!$Q$65:$Z$85=F23)} -> FALSE | H23: D4 | I23: Mage
A24: Ratfolk | E24: Barde | F24: Lecture et écriture - Infernal (Bonus Barde) | G24: {=OR('Nom du personnage'!$C$65:$L$85='Lecture et écriture'!F24,'Nom du personnage'!$Q$65:$Z$85=F24)} -> FALSE | H24: E4 | I24: Barde
A25: Saurien (Phrynos) | E25: Charlatan | F25: Lecture et écriture - Infernal (Bonus Charlatan) | G25: {=OR('Nom du personnage'!$C$65:$L$85='Lecture et écriture'!F25,'Nom du personnage'!$Q$65:$Z$85=F25)} -> FALSE | H25: F4 | I25: Charlatan
A26: Saurien (Slann) | E26: Sage | F26: Lecture et écriture - Infernal (Bonus Sage) | G26: {=OR('Nom du personnage'!$C$65:$L$85='Lecture et écriture'!F26,'Nom du personnage'!$Q$65:$Z$85=F26)} -> FALSE | H26: G4 | I26: Sage
A27: Saurien (Coatl) | E27: Scribe | F27: Lecture et écriture - Infernal (Bonus Scribe) | G27: {=OR('Nom du personnage'!$C$65:$L$85='Lecture et écriture'!F27,'Nom du personnage'!$Q$65:$Z$85=F27)} -> FALSE | H27: H4 | I27: Scribe
... A29: Morgull | E29: Elfe Gris | F29: Lecture et écriture - Infernal (Bonus Elfe Gris) | G29: {=OR('Nom du personnage'!$C$65:$L$85='Lecture et écriture'!F29,'Nom du personnage'!$Q$65:$Z$85=F29)} -> FALSE | H29: B4 | I29: Elfe Gris
E30: Mage | F30: Lecture et écriture - Céleste (Bonus Mage) | G30: {=OR('Nom du personnage'!$C$65:$L$85='Lecture et écriture'!F30,'Nom du personnage'!$Q$65:$Z$85=F30)} -> FALSE | H30: D5 | I30: Mage
E31: Barde | F31: Lecture et écriture - Céleste (Bonus Barde) | G31: {=OR('Nom du personnage'!$C$65:$L$85='Lecture et écriture'!F31,'Nom du personnage'!$Q$65:$Z$85=F31)} -> FALSE | H31: E5 | I31: Barde
E32: Charlatan | F32: Lecture et écriture - Céleste (Bonus Charlatan) | G32: {=OR('Nom du personnage'!$C$65:$L$85='Lecture et écriture'!F32,'Nom du personnage'!$Q$65:$Z$85=F32)} -> FALSE | H32: F5 | I32: Charlatan
E33: Sage | F33: Lecture et écriture - Céleste (Bonus Sage) | G33: {=OR('Nom du personnage'!$C$65:$L$85='Lecture et écriture'!F33,'Nom du personnage'!$Q$65:$Z$85=F33)} -> FALSE | H33: G5 | I33: Sage
E34: Scribe | F34: Lecture et écriture - Céleste (Bonus Scribe) | G34: {=OR('Nom du personnage'!$C$65:$L$85='Lecture et écriture'!F34,'Nom du personnage'!$Q$65:$Z$85=F34)} -> FALSE | H34: H5 | I34: Scribe
E35: Demi-Elfe | F35: Lecture et écriture - Céleste (Bonus Demi-Elfe) | G35: {=OR('Nom du personnage'!$C$65:$L$85='Lecture et écriture'!F35,'Nom du personnage'!$Q$65:$Z$85=F35)} -> FALSE | H35: A5 | I35: Demi-Elfe
E36: Elfe Gris | F36: Lecture et écriture - Céleste (Bonus Elfe Gris) | G36: {=OR('Nom du personnage'!$C$65:$L$85='Lecture et écriture'!F36,'Nom du personnage'!$Q$65:$Z$85=F36)} -> FALSE | H36: B5 | I36: Elfe Gris
E37: Mage | F37: Lecture et écriture - Outremonde (Bonus Mage) | G37: {=OR('Nom du personnage'!$C$65:$L$85='Lecture et écriture'!F37,'Nom du personnage'!$Q$65:$Z$85=F37)} -> FALSE | H37: D6 | I37: Mage
E38: Barde | F38: Lecture et écriture - Outremonde (Bonus Barde) | G38: {=OR('Nom du personnage'!$C$65:$L$85='Lecture et écriture'!F38,'Nom du personnage'!$Q$65:$Z$85=F38)} -> FALSE | H38: E6 | I38: Barde
E39: Charlatan | F39: Lecture et écriture - Outremonde (Bonus Charlatan) | G39: {=OR('Nom du personnage'!$C$65:$L$85='Lecture et écriture'!F39,'Nom du personnage'!$Q$65:$Z$85=F39)} -> FALSE | H39: F6 | I39: Charlatan
E40: Sage | F40: Lecture et écriture - Outremonde (Bonus Sage) | G40: {=OR('Nom du personnage'!$C$65:$L$85='Lecture et écriture'!F40,'Nom du personnage'!$Q$65:$Z$85=F40)} -> FALSE | H40: G6 | I40: Sage
E41: Scribe | F41: Lecture et écriture - Outremonde (Bonus Scribe) | G41: {=OR('Nom du personnage'!$C$65:$L$85='Lecture et écriture'!F41,'Nom du personnage'!$Q$65:$Z$85=F41)} -> FALSE | H41: H6 | I41: Scribe
... E86: Haut-Elfe | F86: Lecture et écriture - Elfique (Bonus Haut Elfe) | G86: {=OR('Nom du personnage'!$C$65:$L$85='Lecture et écriture'!F86,'Nom du personnage'!$Q$65:$Z$85=F86)} -> FALSE | H86: C1 | I86: Haut-Elfe
F87: Lecture et écriture - Commun | G87: {=OR('Nom du personnage'!$C$65:$L$85='Lecture et écriture'!F87,'Nom du personnage'!$Q$65:$Z$85=F87)} -> FALSE
F88: Lecture et écriture - Elfique | G88: {=OR('Nom du personnage'!$C$65:$L$85='Lecture et écriture'!F88,'Nom du personnage'!$Q$65:$Z$85=F88)} -> FALSE
F89: Lecture et écriture - Rakuzan | G89: {=OR('Nom du personnage'!$C$65:$L$85='Lecture et écriture'!F89,'Nom du personnage'!$Q$65:$Z$85=F89)} -> FALSE
F90: Lecture et écriture - Infernal | G90: {=OR('Nom du personnage'!$C$65:$L$85='Lecture et écriture'!F90,'Nom du personnage'!$Q$65:$Z$85=F90)} -> FALSE
F91: Lecture et écriture - Céleste | G91: {=OR('Nom du personnage'!$C$65:$L$85='Lecture et écriture'!F91,'Nom du personnage'!$Q$65:$Z$85=F91)} -> FALSE
F92: Lecture et écriture - Outremonde | G92: {=OR('Nom du personnage'!$C$65:$L$85='Lecture et écriture'!F92,'Nom du personnage'!$Q$65:$Z$85=F92)} -> FALSE
F93: Lecture et écriture - Vermilangue | G93: {=OR('Nom du personnage'!$C$65:$L$85='Lecture et écriture'!F93,'Nom du personnage'!$Q$65:$Z$85=F93)} -> FALSE
F94: Lecture et écriture - Orque | G94: {=OR('Nom du personnage'!$C$65:$L$85='Lecture et écriture'!F94,'Nom du personnage'!$Q$65:$Z$85=F94)} -> FALSE
F95: Lecture et écriture - Arcane | G95: {=OR('Nom du personnage'!$C$65:$L$85='Lecture et écriture'!F95,'Nom du personnage'!$Q$65:$Z$85=F95)} -> FALSE
F96: Lecture et écriture - Arborique | G96: {=OR('Nom du personnage'!$C$65:$L$85='Lecture et écriture'!F96,'Nom du personnage'!$Q$65:$Z$85=F96)} -> FALSE
F97: Lecture et écriture - Runique | G97: {=OR('Nom du personnage'!$C$65:$L$85='Lecture et écriture'!F97,'Nom du personnage'!$Q$65:$Z$85=F97)} -> FALSE
F98: Lecture et écriture - Sylvestre | G98: {=OR('Nom du personnage'!$C$65:$L$85='Lecture et écriture'!F98,'Nom du personnage'!$Q$65:$Z$85=F98)} -> FALSE
G99: {=OR(G2:G98=TRUE)} -> FALSE

Sheet Compétences raciales + carrière
A1: Race joueur | B1: Carrière joueur
A2: ='Nom du personnage'!F51 -> 0 | B2: ='Nom du personnage'!U51 -> 0
A4: Rage animale
A5: Arboréen | B5: =A5=$A$2 -> FALSE | C5: =IF(B5=FALSE,0,1) -> 0
A6: Corvus | B6: =A6=$A$2 -> FALSE | C6: =IF(B6=FALSE,0,1) -> 0
A7: Rasgadan | B7: =A7=$A$2 -> FALSE | C7: =IF(B7=FALSE,0,1) -> 0
A8: Ratfolk | B8: =A8=$A$2 -> FALSE | C8: =IF(B8=FALSE,0,1) -> 0
A9: Saurien (Phrynos) | B9: =A9=$A$2 -> FALSE | C9: =IF(B9=FALSE,0,1) -> 0
A10: Saurien (Slann) | B10: =A10=$A$2 -> FALSE | C10: =IF(B10=FALSE,0,1) -> 0
A11: Saurien (Coatl) | B11: =A11=$A$2 -> FALSE | C11: =IF(B11=FALSE,0,1) -> 0
A12: Saurien (Troglodon) | B12: =A12=$A$2 -> FALSE | C12: =IF(B12=FALSE,0,1) -> 0
A13: Totem | B13: =A13=B2 -> FALSE | C13: =IF(B13=FALSE,0,1) -> 0
B14: =IF(ISERROR(VLOOKUP(1,C5:C13,1,FALSE)),0,1) -> 0
A16: Charognard
A17: Gobelin | B17: =A17=$A$2 -> FALSE | C17: =IF(B17=FALSE,0,1) -> 0
A18: Orque | B18: =A18=$A$2 -> FALSE | C18: =IF(B18=FALSE,0,1) -> 0
A19: Demi-Démon | B19: =A19=$A$2 -> FALSE | C19: =IF(B19=FALSE,0,1) -> 0
A20: Norde | B20: =A20=$A$2 -> FALSE | C20: =IF(B20=FALSE,0,1) -> 0
A21: Corvus | B21: =A21=$A$2 -> FALSE | C21: =IF(B21=FALSE,0,1) -> 0
A22: Rasgadan | B22: =A22=$A$2 -> FALSE | C22: =IF(B22=FALSE,0,1) -> 0
A23: Ratfolk | B23: =A23=$A$2 -> FALSE | C23: =IF(B23=FALSE,0,1) -> 0
A24: Saurien (Phrynos) | B24: =A24=$A$2 -> FALSE | C24: =IF(B24=FALSE,0,1) -> 0
A25: Saurien (Slann) | B25: =A25=$A$2 -> FALSE | C25: =IF(B25=FALSE,0,1) -> 0
A26: Saurien (Coatl) | B26: =A26=$A$2 -> FALSE | C26: =IF(B26=FALSE,0,1) -> 0
A27: Saurien (Troglodon) | B27: =A27=$A$2 -> FALSE | C27: =IF(B27=FALSE,0,1) -> 0
A28: Morgull | B28: =A28=$A$2 -> FALSE | C28: =IF(B28=FALSE,0,1) -> 0
B29: =IF(ISERROR(VLOOKUP(1,C17:C28,1,FALSE)),0,1) -> 0
A31: Art mystique
A32: Peinture des Morts | B32: =COUNTIF('Nom du personnage'!$C$66:$AC$85,'Compétences raciales + carrière'!A32) -> 0
A33: Peinture de protection | B33: =COUNTIF('Nom du personnage'!$C$66:$AC$85,'Compétences raciales + carrière'!A33) -> 0
A34: Peinture de guerre | B34: =COUNTIF('Nom du personnage'!$C$66:$AC$85,'Compétences raciales + carrière'!A34) -> 0
A35: Touche à tout - Peinture de protection | B35: =COUNTIF('Nom du personnage'!$C$66:$AC$85,'Compétences raciales + carrière'!A35) -> 0
B36: =SUM(B32:B35) -> 0

Sheet Concoction
A1: Carrière | B1: Concoction | C1: Valeur | E1: Race | F1: Concotion | G1: Race | N1: Carrière | O1: Race | P1: 2 non dispo | Q1: Carrière | R1: Race | T1: Toujours dispo | U1: Blocage race | V1: Blocage carrière | W1: Disponible?
A2: Mage | B2: Alchimie | C2: 5 | E2: Gobelin | F2: Alchimie | G2: =IF(E2='Nom du personnage'!$F$51,2,0) -> 0 | I2: Herboristerie | J2: Concoction : Herboristerie | N2: =VLOOKUP('Nom du personnage'!U51,Concoction!A8:B20,2,FALSE) -> #N/A | O2: =VLOOKUP('Nom du personnage'!F51,Concoction!E5:F11,2,FALSE) -> #N/A | P2: =AND(ISERROR(N2),ISERROR(O2)) -> TRUE | Q2: =IF(AND((ISERROR(N2)),COUNTIF('Nom du personnage'!$C$66:$AC$85,Concoction!J2)=1),"VRAI","FAUX") -> FAUX | R2: =IF(AND((ISERROR(O2)),COUNTIF('Nom du personnage'!$C$66:$AC$85,Concoction!J2)=1),"VRAI","FAUX") -> FAUX | T2: =IF(ISERROR(N2=O2),"FAUX","VRAI") -> FAUX | U2: =IF(AND(COUNTIF('Nom du personnage'!$C$66:$AC$85,Concoction!J2)=0,OR($R$2="VRAI",$R$3="VRAI",$R$4="VRAI")),"VRAI","FAUX") -> FAUX | V2: =IF(AND(COUNTIF('Nom du personnage'!$C$66:$AC$85,Concoction!J2)=0,OR($Q$2="VRAI",$Q$3="VRAI",$Q$4="VRAI")),"VRAI","FAUX") -> FAUX | W2: =IF(OR(T2="VRAI",AND(U2="FAUX",V2="FAUX")),"VRAI","FAUX") -> VRAI | X2: =IF(OR('Nom du personnage'!$F$51=Données!$C$14,'Nom du personnage'!$U$51=Données!$H$7),1,IF(W2="VRAI",1,0)) -> 1
A3: Marchand | B3: Alchimie | C3: 1 | E3: Satyre | F3: Alchimie | G3: =IF(E3='Nom du personnage'!$F$51,2,0) -> 0 | I3: Alchimie | J3: Concoction : Alchimie | N3: =VLOOKUP('Nom du personnage'!U51,Concoction!A2:B7,2,FALSE) -> #N/A | O3: =VLOOKUP('Nom du personnage'!F51,Concoction!E2:F4,2,FALSE) -> #N/A | P3: =AND(ISERROR(N3),ISERROR(O3)) -> TRUE | Q3: =IF(AND((ISERROR(N3)),COUNTIF('Nom du personnage'!$C$66:$AC$85,Concoction!J3)=1),"VRAI","FAUX") -> FAUX | R3: =IF(AND((ISERROR(O3)),COUNTIF('Nom du personnage'!$C$66:$AC$85,Concoction!J3)=1),"VRAI","FAUX") -> FAUX | T3: =IF(ISERROR(N3=O3),"FAUX","VRAI") -> FAUX | U3: =IF(AND(COUNTIF('Nom du personnage'!$C$66:$AC$85,Concoction!J3)=0,OR($R$2="VRAI",$R$3="VRAI",$R$4="VRAI")),"VRAI","FAUX") -> FAUX | V3: =IF(AND(COUNTIF('Nom du personnage'!$C$66:$AC$85,Concoction!J3)=0,OR($Q$2="VRAI",$Q$3="VRAI",$Q$4="VRAI")),"VRAI","FAUX") -> FAUX | W3: =IF(OR(T3="VRAI",AND(U3="FAUX",V3="FAUX")),"VRAI","FAUX") -> VRAI | X3: =IF(OR('Nom du personnage'!$F$51=Données!$C$14,'Nom du personnage'!$U$51=Données!$H$7),1,IF(W3="VRAI",1,0)) -> 1
A4: Magelame | B4: Alchimie | C4: 5 | E4: Humain | F4: Alchimie | G4: =IF(E4='Nom du personnage'!$F$51,2,0) -> 0 | I4: Toxicologie | J4: Concoction : Toxicologie | N4: =VLOOKUP('Nom du personnage'!U51,Concoction!A21:B32,2,FALSE) -> #N/A | O4: =VLOOKUP('Nom du personnage'!F51,Concoction!E12:F16,2,FALSE) -> #N/A | P4: =AND(ISERROR(N4),ISERROR(O4)) -> TRUE | Q4: =IF(AND((ISERROR(N4)),COUNTIF('Nom du personnage'!$C$66:$AC$85,Concoction!J4)=1),"VRAI","FAUX") -> FAUX | R4: =IF(AND((ISERROR(O4)),COUNTIF('Nom du personnage'!$C$66:$AC$85,Concoction!J4)=1),"VRAI","FAUX") -> FAUX | T4: =IF(ISERROR(N4=O4),"FAUX","VRAI") -> FAUX | U4: =IF(AND(COUNTIF('Nom du personnage'!$C$66:$AC$85,Concoction!J4)=0,OR($R$2="VRAI",$R$3="VRAI",$R$4="VRAI")),"VRAI","FAUX") -> FAUX | V4: =IF(AND(COUNTIF('Nom du personnage'!$C$66:$AC$85,Concoction!J4)=0,OR($Q$2="VRAI",$Q$3="VRAI",$Q$4="VRAI")),"VRAI","FAUX") -> FAUX | W4: =IF(OR(T4="VRAI",AND(U4="FAUX",V4="FAUX")),"VRAI","FAUX") -> VRAI | X4: =IF(OR('Nom du personnage'!$F$51=Données!$C$14,'Nom du personnage'!$U$51=Données!$H$7),1,IF(W4="VRAI",1,0)) -> 1
A5: Maître des runes | B5: Alchimie | C5: 5 | E5: Satyre | F5: Herboristerie | G5: =IF(E5='Nom du personnage'!$F$51,2,0) -> 0
A6: Sage | B6: Alchimie | C6: 5 | E6: Elfe Sauvage | F6: Herboristerie | G6: =IF(E6='Nom du personnage'!$F$51,2,0) -> 0 | I6: Herboristerie | J6: =IF(ISERROR(VLOOKUP($I$14,$E$18:$F$22,2,FALSE)),J2,VLOOKUP($I$14,$E$18:$F$22,2,FALSE)) -> Concoction : Herboristerie | K6: =VLOOKUP(J6,$F$18:$G$30,2,FALSE) -> 5 | N6: =IF(ISERROR(N2)=TRUE,FALSE,$J6) -> FALSE | O6: =IF(ISERROR(O2)=TRUE,FALSE,$J6) -> FALSE | P6: =IF(P11=FALSE,J6,0) -> Concoction : Herboristerie | Q6: =IF(AND(N6=FALSE,O6=FALSE),FALSE,P6) -> FALSE
A7: Scribe | B7: Alchimie | C7: 5 | E7: Être Sylvestre (Terre) | F7: Herboristerie | G7: =IF(E7='Nom du personnage'!$F$51,2,0) -> 0 | I7: Alchimie | J7: =IF(ISERROR(VLOOKUP($I$14,$E$27:$F$27,2,FALSE)),J3,VLOOKUP($I$14,$E$27:$F$27,2,FALSE)) -> Concoction : Alchimie | K7: =VLOOKUP(J7,$F$18:$G$30,2,FALSE) -> 5 | N7: =IF(ISERROR(N3)=TRUE,FALSE,$J7) -> FALSE | O7: =IF(ISERROR(O3)=TRUE,FALSE,$J7) -> FALSE | P7: =IF(P12=FALSE,J7,0) -> Concoction : Alchimie | Q7: =IF(AND(N7=FALSE,O7=FALSE),FALSE,P7) -> FALSE
A8: Druide | B8: Herboristerie | C8: 5 | E8: Être Sylvestre (Eau) | F8: Herboristerie | G8: =IF(E8='Nom du personnage'!$F$51,2,0) -> 0 | I8: Toxicologie | J8: =IF(ISERROR(VLOOKUP($I$14,$E$23:$F$26,2,FALSE)),J4,VLOOKUP($I$14,$E$23:$F$26,2,FALSE)) -> Concoction : Toxicologie | K8: =VLOOKUP(J8,$F$18:$G$30,2,FALSE) -> 5 | N8: =IF(ISERROR(N4)=TRUE,FALSE,$J8) -> FALSE | O8: =IF(ISERROR(O4)=TRUE,FALSE,$J8) -> FALSE | P8: =IF(P13=FALSE,J8,0) -> Concoction : Toxicologie | Q8: =IF(AND(N8=FALSE,O8=FALSE),FALSE,P8) -> FALSE
A9: Marchand | B9: Herboristerie | C9: 1 | E9: Être Sylvestre (Feu) | F9: Herboristerie | G9: =IF(E9='Nom du personnage'!$F$51,2,0) -> 0
A10: Prêtre | B10: Herboristerie | C10: 5 | E10: Être Sylvestre (Air) | F10: Herboristerie | G10: =IF(E10='Nom du personnage'!$F$51,2,0) -> 0 | L10: Race | M10: Carrière
A11: Animiste | B11: Herboristerie | C11: 5 | E11: Humain | F11: Herboristerie | G11: =IF(E11='Nom du personnage'!$F$51,2,0) -> 0 | L11: =IF(ISERROR(VLOOKUP(O6,'Nom du personnage'!$C$65:$AE$85,29,FALSE)),0,VLOOKUP(O6,'Nom du personnage'!$C$65:$AE$85,29,FALSE)) -> 0 | M11: =IF(ISERROR(VLOOKUP(N6,'Nom du personnage'!$C$65:$AE$85,29,FALSE)),0,VLOOKUP(N6,'Nom du personnage'!$C$65:$AE$85,29,FALSE)) -> 0
A12: Chaman | B12: Herboristerie | C12: 5 | E12: Humain | F12: Toxicologie | G12: =IF(E12='Nom du personnage'!$F$51,2,0) -> 0 | L12: =IF(ISERROR(VLOOKUP(O7,'Nom du personnage'!$C$65:$AE$85,29,FALSE)),0,VLOOKUP(O7,'Nom du personnage'!$C$65:$AE$85,29,FALSE)) -> 0 | M12: =IF(ISERROR(VLOOKUP(N7,'Nom du personnage'!$C$65:$AE$85,29,FALSE)),0,VLOOKUP(N7,'Nom du personnage'!$C$65:$AE$85,29,FALSE)) -> 0
A13: Ermite | B13: Herboristerie | C13: 5 | E13: Être Sylvestre (Terre) | F13: Toxicologie | G13: =IF(E13='Nom du personnage'!$F$51,2,0) -> 0 | L13: =IF(ISERROR(VLOOKUP(O8,'Nom du personnage'!$C$65:$AE$85,29,FALSE)),0,VLOOKUP(O8,'Nom du personnage'!$C$65:$AE$85,29,FALSE)) -> 0 | M13: =IF(ISERROR(VLOOKUP(N8,'Nom du personnage'!$C$65:$AE$85,29,FALSE)),0,VLOOKUP(N8,'Nom du personnage'!$C$65:$AE$85,29,FALSE)) -> 0 | S13: <>
A14: Gardien Mystique | B14: Herboristerie | C14: 5 | E14: Être Sylvestre (Eau) | F14: Toxicologie | G14: =IF(E14='Nom du personnage'!$F$51,2,0) -> 0 | I14: ='Nom du personnage'!F51 -> 0 | L14: =SUM(L11:L13) -> 0 | M14: =SUM(M11:M13) -> 0
A15: Guérisseur | B15: Herboristerie | C15: 5 | E15: Être Sylvestre (Feu) | F15: Toxicologie | G15: =IF(E15='Nom du personnage'!$F$51,2,0) -> 0 | I15: ='Nom du personnage'!U51 -> 0
A16: Inquisiteur | B16: Herboristerie | C16: 5 | E16: Être Sylvestre (Air) | F16: Toxicologie | G16: =IF(E16='Nom du personnage'!$F$51,2,0) -> 0 | O16: 1 | P16: =IF($L$14>$M$14,O6) -> FALSE
A17: Rôdeur | B17: Herboristerie | C17: 5 | O17: 2 | P17: =IF($L$14>$M$14,O7) -> FALSE
A18: Sage | B18: Herboristerie | C18: 5 | E18: Elfe Sauvage | F18: Concoction : Herboristerie (Bonus Elfe Sauvage) | G18: 4 | O18: 3 | P18: =IF($L$14>$M$14,O8) -> FALSE
A19: Scribe | B19: Herboristerie | C19: 5 | E19: Être Sylvestre (Terre) | F19: Concoction : Herboristerie (Bonus Être Sylvestre) | G19: 4 | O19: 1 | P19: =IF($M$14>$L$14,N6) -> FALSE
A20: Totem | B20: Herboristerie | C20: 5 | E20: Être Sylvestre (Eau) | F20: Concoction : Herboristerie (Bonus Être Sylvestre) | G20: 4 | I20: Herboristerie | J20: =IF(AND(P16=FALSE,P19=FALSE,P22=FALSE),0,J6) -> 0 | K20: =VLOOKUP(J20,$F$18:$G$30,2,FALSE) -> #N/A | O20: 2 | P20: =IF($M$14>$L$14,N7) -> FALSE
A21: Druide | B21: Toxicologie | C21: 5 | E21: Être Sylvestre (Feu) | F21: Concoction : Herboristerie (Bonus Être Sylvestre) | G21: 4 | I21: Alchimie | J21: =IF(AND(P17=FALSE,P20=FALSE,P23=FALSE),0,J7) -> 0 | K21: =VLOOKUP(J21,$F$18:$G$30,2,FALSE) -> #N/A | O21: 3 | P21: =IF($M$14>$L$14,N8) -> FALSE
A22: Marchand | B22: Toxicologie | C22: 1 | E22: Être Sylvestre (Air) | F22: Concoction : Herboristerie (Bonus Être Sylvestre) | G22: 4 | I22: Toxicologie | J22: =IF(AND(P18=FALSE,P21=FALSE,P24=FALSE),0,J8) -> 0 | K22: =VLOOKUP(J22,$F$18:$G$30,2,FALSE) -> #N/A | O22: 1 | P22: =IF($L$14=$M$14,Q6) -> FALSE
A23: Roublard | B23: Toxicologie | C23: 5 | E23: Être Sylvestre (Terre) | F23: Concoction : Toxicologie (Bonus Être Sylvestre) | G23: 4 | O23: 2 | P23: =IF($L$14=$M$14,Q7) -> FALSE
A24: Barde | B24: Toxicologie | C24: 5 | E24: Être Sylvestre (Eau) | F24: Concoction : Toxicologie (Bonus Être Sylvestre) | G24: 4 | O24: 3 | P24: =IF($L$14=$M$14,Q8) -> FALSE
A25: Chaman | B25: Toxicologie | C25: 5 | E25: Être Sylvestre (Feu) | F25: Concoction : Toxicologie (Bonus Être Sylvestre) | G25: 4
A26: Charlatan | B26: Toxicologie | C26: 5 | E26: Être Sylvestre (Air) | F26: Concoction : Toxicologie (Bonus Être Sylvestre) | G26: 4
A27: Ermite | B27: Toxicologie | C27: 5 | E27: Gobelin | F27: Concoction : Alchimie (Bonus Gobelin) | G27: 4
A28: Inquisiteur | B28: Toxicologie | C28: 5 | F28: Concoction : Herboristerie | G28: 5
A29: Rôdeur | B29: Toxicologie | C29: 5 | F29: Concoction : Alchimie | G29: 5
A30: Scribe | B30: Toxicologie | C30: 5 | F30: Concoction : Toxicologie | G30: 5
A31: Totem | B31: Toxicologie | C31: 5
A32: Traqueur | B32: Toxicologie | C32: 5 | F32: {=OR('Nom du personnage'!$C$65:$L$85=Concoction!F18,'Nom du personnage'!$Q$65:$Z$85=Concoction!F18)} -> FALSE
F33: {=OR('Nom du personnage'!$C$65:$L$85=Concoction!F19,'Nom du personnage'!$Q$65:$Z$85=Concoction!F19)} -> FALSE
F34: {=OR('Nom du personnage'!$C$65:$L$85=Concoction!F20,'Nom du personnage'!$Q$65:$Z$85=Concoction!F20)} -> FALSE
F35: {=OR('Nom du personnage'!$C$65:$L$85=Concoction!F21,'Nom du personnage'!$Q$65:$Z$85=Concoction!F21)} -> FALSE
F36: {=OR('Nom du personnage'!$C$65:$L$85=Concoction!F22,'Nom du personnage'!$Q$65:$Z$85=Concoction!F22)} -> FALSE
F37: {=OR('Nom du personnage'!$C$65:$L$85=Concoction!F23,'Nom du personnage'!$Q$65:$Z$85=Concoction!F23)} -> FALSE
F38: {=OR('Nom du personnage'!$C$65:$L$85=Concoction!F24,'Nom du personnage'!$Q$65:$Z$85=Concoction!F24)} -> FALSE
F39: {=OR('Nom du personnage'!$C$65:$L$85=Concoction!F25,'Nom du personnage'!$Q$65:$Z$85=Concoction!F25)} -> FALSE
F40: {=OR('Nom du personnage'!$C$65:$L$85=Concoction!F26,'Nom du personnage'!$Q$65:$Z$85=Concoction!F26)} -> FALSE
F41: {=OR('Nom du personnage'!$C$65:$L$85=Concoction!F27,'Nom du personnage'!$Q$65:$Z$85=Concoction!F27)} -> FALSE
F42: {=OR('Nom du personnage'!$C$65:$L$85=Concoction!F28,'Nom du personnage'!$Q$65:$Z$85=Concoction!F28)} -> FALSE
F43: {=OR('Nom du personnage'!$C$65:$L$85=Concoction!F29,'Nom du personnage'!$Q$65:$Z$85=Concoction!F29)} -> FALSE
F44: {=OR('Nom du personnage'!$C$65:$L$85=Concoction!F30,'Nom du personnage'!$Q$65:$Z$85=Concoction!F30)} -> FALSE
F45: {=OR(F32:F44=TRUE)} -> FALSE

Sheet Cumulable
B2: Compétence
B3: ='Nom du personnage'!C66 -> 0 | C3: =VLOOKUP(B3,Compétences!$H$3:$K$1048576,4,FALSE) -> #N/A | D3: =SUMIF($B$3:$C$42,B3,$C$3:$C$42) -> #N/A | E3: =IF(D3>5,"X",0) -> #N/A
B4: ='Nom du personnage'!C67 -> 0 | C4: =VLOOKUP(B4,Compétences!$H$3:$K$1048576,4,FALSE) -> #N/A | D4: =SUMIF($B$3:$C$42,B4,$C$3:$C$42) -> #N/A | E4: =IF(D4>5,"X",0) -> #N/A
B5: ='Nom du personnage'!C68 -> 0 | C5: =VLOOKUP(B5,Compétences!$H$3:$K$1048576,4,FALSE) -> #N/A | D5: =SUMIF($B$3:$C$42,B5,$C$3:$C$42) -> #N/A | E5: =IF(D5>5,"X",0) -> #N/A
B6: ='Nom du personnage'!C69 -> 0 | C6: =VLOOKUP(B6,Compétences!$H$3:$K$1048576,4,FALSE) -> #N/A | D6: =SUMIF($B$3:$C$42,B6,$C$3:$C$42) -> #N/A | E6: =IF(D6>5,"X",0) -> #N/A
B7: ='Nom du personnage'!C70 -> 0 | C7: =VLOOKUP(B7,Compétences!$H$3:$K$1048576,4,FALSE) -> #N/A | D7: =SUMIF($B$3:$C$42,B7,$C$3:$C$42) -> #N/A | E7: =IF(D7>5,"X",0) -> #N/A
B8: ='Nom du personnage'!C71 -> 0 | C8: =VLOOKUP(B8,Compétences!$H$3:$K$1048576,4,FALSE) -> #N/A | D8: =SUMIF($B$3:$C$42,B8,$C$3:$C$42) -> #N/A | E8: =IF(D8>5,"X",0) -> #N/A
